Date and Hour,real,mlp_sklearn,mlp_keras
2006-12-19 11:08:00,0.586,0.5913244847018562,0.85439193
2006-12-19 11:09:00,0.572,0.5961458288661164,1.0310826
2006-12-19 11:10:00,0.586,0.5872526095909315,0.9708233
2006-12-19 11:11:00,0.484,0.4604800465143049,0.8412318
2006-12-19 11:12:00,0.296,0.28494881757809587,0.8121028
2006-12-19 11:13:00,0.314,0.3308721525332699,0.6621752
2006-12-19 11:14:00,0.29,0.27301977293026997,0.616035
2006-12-19 11:15:00,0.308,0.289007921746495,0.6857947
2006-12-19 11:16:00,0.288,0.2687075898399333,0.5588528
2006-12-19 11:17:00,0.304,0.27233189108552325,0.7020844
2006-12-19 11:18:00,0.284,0.2645880658941147,0.61885643
2006-12-19 11:19:00,0.302,0.3001339110976636,0.54554105
2006-12-19 11:20:00,0.282,0.2889697342136392,0.5466018
2006-12-19 11:21:00,0.302,0.3024489244334276,0.53749347
2006-12-19 11:22:00,0.282,0.2849699072888813,0.46121725
2006-12-19 11:23:00,0.3,0.3137873442721145,0.5528755
2006-12-19 11:24:00,0.284,0.2964704758252791,0.40676078
2006-12-19 11:25:00,0.382,0.4056028575167793,0.5686108
2006-12-19 11:26:00,0.378,0.3968501314031022,0.4786496
2006-12-19 11:27:00,0.362,0.3888352058044603,0.49295244
2006-12-19 11:28:00,0.38,0.4059748127889725,0.57609284
2006-12-19 11:29:00,0.352,0.3802177651160317,0.56779194
2006-12-19 11:30:00,0.368,0.3947145622336867,0.5651852
2006-12-19 11:31:00,0.34,0.3687218538182567,0.5558742
2006-12-19 11:32:00,0.294,0.3145988360048659,0.5391878
2006-12-19 11:33:00,0.252,0.2729278688955215,0.5107982
2006-12-19 11:34:00,0.22,0.2411419321984093,0.48547432
2006-12-19 11:35:00,0.202,0.22209291327605873,0.4748051
2006-12-19 11:36:00,0.284,0.3038075780747698,0.51964533
2006-12-19 11:37:00,0.314,0.33250694556218274,0.5494232
2006-12-19 11:38:00,0.33,0.3534428777331845,0.5699427
2006-12-19 11:39:00,0.308,0.3359949709878802,0.558915
2006-12-19 11:40:00,0.33,0.353681749631684,0.57019067
2006-12-19 11:41:00,0.314,0.339809046656385,0.5553496
2006-12-19 11:42:00,0.332,0.35899890105779386,0.5626285
2006-12-19 11:43:00,0.304,0.3304541641330937,0.5542697
2006-12-19 11:44:00,0.32,0.3499785097570144,0.5591314
2006-12-19 11:45:00,0.3,0.3335703281481379,0.5513953
2006-12-19 11:46:00,0.32,0.35465626332924993,0.5592482
2006-12-19 11:47:00,0.3,0.3343594946334212,0.5470494
2006-12-19 11:48:00,0.32,0.3546515671915319,0.55872905
2006-12-19 11:49:00,0.3,0.3347898287206492,0.54158294
2006-12-19 11:50:00,0.246,0.2750394687560375,0.51651156
2006-12-19 11:51:00,0.204,0.2267887203039624,0.49328408
2006-12-19 11:52:00,0.224,0.2461681177430507,0.48334262
2006-12-19 11:53:00,0.206,0.22583913623911228,0.4790382
2006-12-19 11:54:00,0.224,0.24269084041444394,0.4832848
2006-12-19 11:55:00,0.216,0.2354229461891773,0.4895123
2006-12-19 11:56:00,0.224,0.2460053792483844,0.49613282
2006-12-19 11:57:00,0.232,0.2541752735426271,0.49834558
2006-12-19 11:58:00,0.204,0.22843517052084839,0.49427125
2006-12-19 11:59:00,0.224,0.2433054360718533,0.49293134
2006-12-19 12:00:00,0.206,0.2451036700901244,0.5047616
2006-12-19 12:01:00,0.224,0.2615792801121654,0.50637543
2006-12-19 12:02:00,0.204,0.2437308692525209,0.49467394
2006-12-19 12:03:00,0.224,0.2632633681885516,0.5023457
2006-12-19 12:04:00,0.25,0.2902847202283856,0.51382697
2006-12-19 12:05:00,0.3,0.34261306842643313,0.54030395
2006-12-19 12:06:00,0.28,0.32167912762427636,0.5400555
2006-12-19 12:07:00,0.298,0.3405099014021517,0.54767907
2006-12-19 12:08:00,0.278,0.3245424667886043,0.5392177
2006-12-19 12:09:00,0.296,0.3406813650563033,0.5449761
2006-12-19 12:10:00,0.278,0.32331679533929303,0.53419125
2006-12-19 12:11:00,0.498,0.5495823385153533,0.6719887
2006-12-19 12:12:00,0.484,0.5252927624787783,0.7019155
2006-12-19 12:13:00,0.436,0.4877729473576192,0.68363404
2006-12-19 12:14:00,0.43,0.4912240708957576,0.6739379
2006-12-19 12:15:00,0.534,0.5880430673683579,0.7196617
2006-12-19 12:16:00,0.526,0.5706112825307633,0.74174595
2006-12-19 12:17:00,0.53,0.5832227119954941,0.7490721
2006-12-19 12:18:00,0.518,0.5770146682480525,0.7503927
2006-12-19 12:19:00,0.326,0.36221617478684953,0.632648
2006-12-19 12:20:00,0.322,0.37477847703173534,0.6137823
2006-12-19 12:21:00,0.308,0.35011375814026646,0.5841882
2006-12-19 12:22:00,0.322,0.35053030536801183,0.595891
2006-12-19 12:23:00,0.302,0.3366531827203094,0.61832106
2006-12-19 12:24:00,0.318,0.363532109094032,0.6401515
2006-12-19 12:25:00,0.304,0.3435397799452699,0.6180972
2006-12-19 12:26:00,0.326,0.3637552252493002,0.62802875
2006-12-19 12:27:00,0.306,0.3404969810553875,0.6294061
2006-12-19 12:28:00,0.284,0.30786459354818596,0.6023096
2006-12-19 12:29:00,0.204,0.2177820676919725,0.562601
2006-12-19 12:30:00,0.222,0.24897256735705392,0.55302596
2006-12-19 12:31:00,0.202,0.22341674878774576,0.5218537
2006-12-19 12:32:00,0.22,0.2447773189066632,0.5328995
2006-12-19 12:33:00,0.202,0.23094317230963451,0.5357083
2006-12-19 12:34:00,0.222,0.25966497857748494,0.53108346
2006-12-19 12:35:00,0.202,0.23160415721550037,0.5000576
2006-12-19 12:36:00,0.222,0.2521690510678825,0.50191164
2006-12-19 12:37:00,0.202,0.23242677923238148,0.49962625
2006-12-19 12:38:00,0.222,0.25366026527258484,0.5008577
2006-12-19 12:39:00,0.204,0.2363005262604259,0.4863796
2006-12-19 12:40:00,0.224,0.25918084484630766,0.48821148
2006-12-19 12:41:00,0.208,0.24258009493666427,0.4790909
2006-12-19 12:42:00,0.23,0.2672298326235704,0.48482892
2006-12-19 12:43:00,0.208,0.2505763505659366,0.49660513
2006-12-19 12:44:00,0.268,0.31077985490617166,0.51489234
2006-12-19 12:45:00,0.28,0.31941462756375893,0.53076315
2006-12-19 12:46:00,0.3,0.3416195645624436,0.54449654
2006-12-19 12:47:00,0.282,0.3253756685213312,0.5432887
2006-12-19 12:48:00,0.304,0.34700647179784705,0.5472655
2006-12-19 12:49:00,0.294,0.33951086294343946,0.5456461
2006-12-19 12:50:00,0.296,0.3418655458933083,0.5443027
2006-12-19 12:51:00,0.3,0.34424292604231344,0.54827607
2006-12-19 12:52:00,0.282,0.32885411065850756,0.5475565
2006-12-19 12:53:00,0.358,0.40883615157693887,0.5931741
2006-12-19 12:54:00,0.318,0.36857907332236456,0.5868596
2006-12-19 12:55:00,0.334,0.38144636339488147,0.5960901
2006-12-19 12:56:00,0.318,0.36763146264128116,0.5859798
2006-12-19 12:57:00,0.338,0.3854179959031301,0.59533024
2006-12-19 12:58:00,0.316,0.36241477726012666,0.5837002
2006-12-19 12:59:00,0.334,0.3792882179401246,0.5950775
2006-12-19 13:00:00,0.314,0.37257000850999117,0.6105412
2006-12-19 13:01:00,0.326,0.3859762269024178,0.61311424
2006-12-19 13:02:00,0.308,0.3690743543969721,0.605209
2006-12-19 13:03:00,0.324,0.3838922736764581,0.61176527
2006-12-19 13:04:00,0.344,0.40154586098736955,0.6168591
2006-12-19 13:05:00,0.408,0.4714354398825497,0.66317856
2006-12-19 13:06:00,0.372,0.43496865028683185,0.65835655
2006-12-19 13:07:00,0.314,0.37691552477191326,0.6323029
2006-12-19 13:08:00,0.294,0.35620564016235023,0.60476863
2006-12-19 13:09:00,0.314,0.3722054070356509,0.58885396
2006-12-19 13:10:00,0.298,0.3492872863604377,0.5818713
2006-12-19 13:11:00,0.322,0.3753129327317475,0.5972235
2006-12-19 13:12:00,0.302,0.35705968912243624,0.6033287
2006-12-19 13:13:00,0.32,0.3794738941357521,0.607015
2006-12-19 13:14:00,0.3,0.360579469400537,0.60086143
2006-12-19 13:15:00,0.318,0.37457441094067856,0.6018115
2006-12-19 13:16:00,0.298,0.3511992184570325,0.5951625
2006-12-19 13:17:00,0.316,0.36968684560409015,0.5945164
2006-12-19 13:18:00,0.29,0.3448791946385036,0.58692026
2006-12-19 13:19:00,0.308,0.3612159930768921,0.5830444
2006-12-19 13:20:00,0.296,0.3499490644977699,0.5861802
2006-12-19 13:21:00,0.296,0.3517209651030462,0.58515775
2006-12-19 13:22:00,0.306,0.3618508699997842,0.58448553
2006-12-19 13:23:00,0.286,0.3422746103287162,0.5793619
2006-12-19 13:24:00,0.304,0.3586004589873364,0.5832741
2006-12-19 13:25:00,0.37,0.42832365589933796,0.61520076
2006-12-19 13:26:00,0.388,0.44268101668842597,0.63823986
2006-12-19 13:27:00,0.368,0.42599408481174095,0.63318956
2006-12-19 13:28:00,0.388,0.4470514034758864,0.63560426
2006-12-19 13:29:00,0.334,0.3906954795914807,0.6132752
2006-12-19 13:30:00,0.312,0.36829799077617226,0.5939959
2006-12-19 13:31:00,0.372,0.4286996491991358,0.6076753
2006-12-19 13:32:00,0.422,0.4759274073974753,0.6475152
2006-12-19 13:33:00,0.376,0.4325832987034818,0.642941
2006-12-19 13:34:00,0.336,0.40125259786180023,0.6361362
2006-12-19 13:35:00,0.314,0.3790436452364847,0.61173284
2006-12-19 13:36:00,0.332,0.3905708933071492,0.60033655
2006-12-19 13:37:00,0.308,0.36039644835817586,0.5960158
2006-12-19 13:38:00,0.326,0.377635529387224,0.60682225
2006-12-19 13:39:00,0.306,0.35655005526607,0.60475683
2006-12-19 13:40:00,0.326,0.3838712021471208,0.6162578
2006-12-19 13:41:00,0.312,0.36860601276649196,0.60918653
2006-12-19 13:42:00,0.334,0.3878032086644108,0.6137724
2006-12-19 13:43:00,0.312,0.3641725136688863,0.6132616
2006-12-19 13:44:00,0.334,0.3896667936709136,0.61720335
2006-12-19 13:45:00,0.238,0.28257173871573327,0.5774298
2006-12-19 13:46:00,0.236,0.2864323788521417,0.56245065
2006-12-19 13:47:00,0.216,0.26172378792836026,0.5426837
2006-12-19 13:48:00,0.228,0.2734946895115092,0.542487
2006-12-19 13:49:00,0.21,0.252081849479521,0.53145826
2006-12-19 13:50:00,0.23,0.2738508086639766,0.5393437
2006-12-19 13:51:00,0.224,0.2693211796468244,0.54041517
2006-12-19 13:52:00,0.218,0.2632919177758019,0.53196406
2006-12-19 13:53:00,0.232,0.28002292394027756,0.5386665
2006-12-19 13:54:00,0.212,0.25748428582885863,0.53375626
2006-12-19 13:55:00,0.232,0.2760230603428763,0.52942777
2006-12-19 13:56:00,0.218,0.2646239834990817,0.52012885
2006-12-19 13:57:00,0.236,0.2827166563959637,0.52394927
2006-12-19 13:58:00,0.216,0.2660793972452939,0.5222584
2006-12-19 13:59:00,0.234,0.28532004753052725,0.5309317
2006-12-19 14:00:00,0.216,0.2717101892258592,0.5214282
2006-12-19 14:01:00,0.236,0.2926315871097877,0.5281514
2006-12-19 14:02:00,0.21,0.2646253796713747,0.5190486
2006-12-19 14:03:00,0.228,0.28438883533198933,0.5248951
2006-12-19 14:04:00,0.21,0.26495428728902015,0.514933
2006-12-19 14:05:00,0.284,0.34238770465742996,0.5565871
2006-12-19 14:06:00,0.286,0.33963216458865264,0.56434476
2006-12-19 14:07:00,0.308,0.3685823512715798,0.5820689
2006-12-19 14:08:00,0.29,0.3503175267950839,0.5741826
2006-12-19 14:09:00,0.354,0.418762840360448,0.6070162
2006-12-19 14:10:00,0.39,0.45595619296814194,0.63599217
2006-12-19 14:11:00,0.408,0.47558610843815907,0.6516161
2006-12-19 14:12:00,0.384,0.4540750206049395,0.647423
2006-12-19 14:13:00,0.394,0.46744795761553065,0.64626014
2006-12-19 14:14:00,0.312,0.3758812725050287,0.60813
2006-12-19 14:15:00,0.314,0.3802175207902473,0.59363985
2006-12-19 14:16:00,0.29,0.34911131856804867,0.5827466
2006-12-19 14:17:00,0.308,0.3663763418140382,0.5953382
2006-12-19 14:18:00,0.288,0.3509007892428832,0.5974872
2006-12-19 14:19:00,0.306,0.372656910629912,0.60615695
2006-12-19 14:20:00,0.29,0.35655022145353465,0.61019075
2006-12-19 14:21:00,0.304,0.3693953335339948,0.6163688
2006-12-19 14:22:00,0.304,0.37035427102315355,0.62110615
2006-12-19 14:23:00,0.256,0.3099421780393435,0.5953717
2006-12-19 14:24:00,0.212,0.26203989720025145,0.5640074
2006-12-19 14:25:00,0.196,0.24744389540696804,0.5416651
2006-12-19 14:26:00,0.22,0.27325937089779195,0.5415926
2006-12-19 14:27:00,0.2,0.25132174112332595,0.53866327
2006-12-19 14:28:00,0.22,0.27808619037059407,0.5540813
2006-12-19 14:29:00,0.2,0.25695915266845254,0.53964317
2006-12-19 14:30:00,0.218,0.2763224329335124,0.54020345
2006-12-19 14:31:00,0.198,0.2530354850688137,0.52851117
2006-12-19 14:32:00,0.212,0.26726859079272547,0.53213966
2006-12-19 14:33:00,0.194,0.2426369587735201,0.51683235
2006-12-19 14:34:00,0.214,0.2630151764084785,0.519346
2006-12-19 14:35:00,0.196,0.2437440519273349,0.50526154
2006-12-19 14:36:00,0.218,0.26778455621803504,0.5123651
2006-12-19 14:37:00,0.202,0.251487728116497,0.50727236
2006-12-19 14:38:00,0.216,0.27161738073746977,0.5180118
2006-12-19 14:39:00,0.198,0.25330844246668827,0.5054039
2006-12-19 14:40:00,0.222,0.27883017401877913,0.5165484
2006-12-19 14:41:00,0.208,0.26267852281926707,0.5115572
2006-12-19 14:42:00,0.23,0.2863898216856051,0.5226737
2006-12-19 14:43:00,0.21,0.26557016577115256,0.5158483
2006-12-19 14:44:00,0.23,0.2863242435021404,0.5226711
2006-12-19 14:45:00,0.252,0.3090706122507978,0.5350088
2006-12-19 14:46:00,0.406,0.46792038353211546,0.6234225
2006-12-19 14:47:00,0.39,0.44653124812371864,0.6507951
2006-12-19 14:48:00,0.522,0.6033049679038684,0.72160614
2006-12-19 14:49:00,0.426,0.5016950655371669,0.7153889
2006-12-19 14:50:00,0.398,0.4702934158292505,0.6659875
2006-12-19 14:51:00,0.388,0.46725452640391213,0.6451044
2006-12-19 14:52:00,0.74,0.8542027758749986,0.87435687
2006-12-19 14:53:00,1.53,1.5496569610600905,1.7448628
2006-12-19 14:54:00,1.494,1.558731899521894,1.7116592
2006-12-19 14:55:00,1.44,1.5678080915902237,1.6659788
2006-12-19 14:56:00,1.406,1.5289628357810146,1.6210296
2006-12-19 14:57:00,1.432,1.5268554877165827,1.6450557
2006-12-19 14:58:00,1.438,1.5438813353866399,1.5664783
2006-12-19 14:59:00,1.436,1.5449043051196596,1.5982096
2006-12-19 15:00:00,1.404,1.5108168480470245,1.6009064
2006-12-19 15:01:00,1.422,1.5313519255767658,1.6036015
2006-12-19 15:02:00,1.314,1.4250841847195357,1.505719
2006-12-19 15:03:00,1.326,1.4452050626834236,1.5422838
2006-12-19 15:04:00,1.298,1.4317244937655813,1.5441983
2006-12-19 15:05:00,1.302,1.4309027494117679,1.6270324
2006-12-19 15:06:00,1.292,1.4216077795010926,1.5776119
2006-12-19 15:07:00,1.316,1.4333810258637985,1.6096649
2006-12-19 15:08:00,1.296,1.4052051143850062,1.631835
2006-12-19 15:09:00,1.314,1.415950957160598,1.6401787
2006-12-19 15:10:00,1.364,1.4632176876236003,1.6977386
2006-12-19 15:11:00,1.402,1.504873547424308,1.7462692
2006-12-19 15:12:00,1.386,1.4866529368475874,1.7263346
2006-12-19 15:13:00,1.41,1.512095395414303,1.7591864
2006-12-19 15:14:00,1.374,1.4829851500809743,1.7323483
2006-12-19 15:15:00,1.392,1.4942936671639742,1.6859633
2006-12-19 15:16:00,1.376,1.4739018841875615,1.5907531
2006-12-19 15:17:00,1.4,1.4631746497896208,1.5854787
2006-12-19 15:18:00,1.37,1.4377976580203253,1.5622063
2006-12-19 15:19:00,1.378,1.4464897718353225,1.567571
2006-12-19 15:20:00,1.35,1.419916216417786,1.5365448
2006-12-19 15:21:00,1.374,1.439075919611501,1.5619729
2006-12-19 15:22:00,1.368,1.4340533913366194,1.5665935
2006-12-19 15:23:00,1.362,1.4292181539245343,1.5633131
2006-12-19 15:24:00,1.37,1.437502001124886,1.5684806
2006-12-19 15:25:00,1.35,1.421072555663828,1.5547549
2006-12-19 15:26:00,1.462,1.5286657032159792,1.6842029
2006-12-19 15:27:00,1.532,1.5965589284974564,1.7723153
2006-12-19 15:28:00,1.558,1.619173582443926,1.8052999
2006-12-19 15:29:00,1.552,1.6115259177588754,1.78765
2006-12-19 15:30:00,1.572,1.6245640082610757,1.8038745
2006-12-19 15:31:00,1.548,1.6050805486596884,1.7573243
2006-12-19 15:32:00,1.57,1.6238863309485283,1.7672824
2006-12-19 15:33:00,1.546,1.6038753174027636,1.7490895
2006-12-19 15:34:00,1.538,1.5920016638601222,1.7343374
2006-12-19 15:35:00,1.45,1.5018291124509755,1.6314998
2006-12-19 15:36:00,1.416,1.4704482755967783,1.5887736
2006-12-19 15:37:00,1.376,1.4311670851376204,1.5379155
2006-12-19 15:38:00,1.394,1.4474638909056825,1.5724193
2006-12-19 15:39:00,1.38,1.4384472687736378,1.575507
2006-12-19 15:40:00,1.32,1.381631319385491,1.5348042
2006-12-19 15:41:00,1.294,1.354443941277828,1.5179341
2006-12-19 15:42:00,1.36,1.4115794125254242,1.5821241
2006-12-19 15:43:00,1.294,1.3588658579101238,1.5339584
2006-12-19 15:44:00,1.376,1.4299031323638793,1.6145008
2006-12-19 15:45:00,1.354,1.4174399584870256,1.6196392
2006-12-19 15:46:00,1.324,1.3930242647307542,1.572685
2006-12-19 15:47:00,1.306,1.3809330499266745,1.51724
2006-12-19 15:48:00,1.31,1.382920212194132,1.5226569
2006-12-19 15:49:00,1.29,1.3663643126049618,1.4899706
2006-12-19 15:50:00,1.306,1.3743248395782692,1.493433
2006-12-19 15:51:00,1.27,1.3410358389835257,1.4531707
2006-12-19 15:52:00,1.298,1.3628575532495608,1.4719859
2006-12-19 15:53:00,1.28,1.3484602930829002,1.4468648
2006-12-19 15:54:00,1.276,1.343180269879658,1.4518967
2006-12-19 15:55:00,1.302,1.3693107234735524,1.4734204
2006-12-19 15:56:00,1.292,1.358629350810645,1.4691081
2006-12-19 15:57:00,1.306,1.3726502886188738,1.4812347
2006-12-19 15:58:00,1.282,1.3563102224626535,1.4479208
2006-12-19 15:59:00,1.284,1.3591201004673215,1.4621652
2006-12-19 16:00:00,1.268,1.355212304771996,1.423657
2006-12-19 16:01:00,1.292,1.3764419521209001,1.4541712
2006-12-19 16:02:00,1.274,1.3622086100514548,1.4355738
2006-12-19 16:03:00,1.292,1.3783340088672138,1.4597479
2006-12-19 16:04:00,1.314,1.40067872283129,1.4912143
2006-12-19 16:05:00,1.384,1.4682613272359544,1.5901144
2006-12-19 16:06:00,1.358,1.4431408059190562,1.5703038
2006-12-19 16:07:00,1.374,1.4601270639739794,1.5879158
2006-12-19 16:08:00,1.394,1.4752004879666758,1.6016424
2006-12-19 16:09:00,1.426,1.5026411965426516,1.6284392
2006-12-19 16:10:00,1.424,1.5028759314054079,1.6203514
2006-12-19 16:11:00,1.552,1.6168567946635297,1.8030664
2006-12-19 16:12:00,1.544,1.6127139939772703,1.7892611
2006-12-19 16:13:00,1.55,1.6120857930289594,1.7707251
2006-12-19 16:14:00,1.53,1.5955004803511577,1.7472565
2006-12-19 16:15:00,1.54,1.60031606863245,1.751882
2006-12-19 16:16:00,1.512,1.5767051882746785,1.7207739
2006-12-19 16:17:00,1.504,1.5698223187294669,1.7191699
2006-12-19 16:18:00,1.53,1.590761848691117,1.7440679
2006-12-19 16:19:00,1.692,1.7301246189912969,1.9621042
2006-12-19 16:20:00,1.448,1.5285045125599677,1.7399094
2006-12-19 16:21:00,1.504,1.567839589452049,1.7774202
2006-12-19 16:22:00,1.622,1.671588941285047,1.8907983
2006-12-19 16:23:00,1.612,1.6557046341636523,1.8774874
2006-12-19 16:24:00,1.446,1.5148327326279958,1.6882406
2006-12-19 16:25:00,1.432,1.5072483169940396,1.7340883
2006-12-19 16:26:00,1.446,1.507235334311336,1.6929826
2006-12-19 16:27:00,1.422,1.4843188673965906,1.6227399
2006-12-19 16:28:00,1.436,1.501845924416422,1.6664591
2006-12-19 16:29:00,1.562,1.6107814794789588,1.869012
2006-12-19 16:30:00,1.56,1.6114723810207559,1.861469
2006-12-19 16:31:00,1.692,1.721438934435957,1.9993277
2006-12-19 16:32:00,1.988,1.9892437711778557,2.3253982
2006-12-19 16:33:00,2.274,2.268039108535613,2.522383
2006-12-19 16:34:00,2.292,2.2695468101283893,2.4383767
2006-12-19 16:35:00,2.268,2.2645050157277273,2.42501
2006-12-19 16:36:00,2.294,2.289612930713041,2.4443784
2006-12-19 16:37:00,2.264,2.251456971925726,2.4043992
2006-12-19 16:38:00,2.276,2.26259610651463,2.4119658
2006-12-19 16:39:00,2.258,2.2502112438702304,2.4015832
2006-12-19 16:40:00,2.276,2.2738165051661623,2.4237096
2006-12-19 16:41:00,2.264,2.262327628019049,2.4045317
2006-12-19 16:42:00,2.332,2.341324592693331,2.4836986
2006-12-19 16:43:00,2.276,2.292239294395478,2.458028
2006-12-19 16:44:00,2.112,2.1151920040347316,2.3115237
2006-12-19 16:45:00,2.1,2.0923701945137707,2.3189068
2006-12-19 16:46:00,2.146,2.1303361557651757,2.3770316
2006-12-19 16:47:00,2.09,2.0628689629760757,2.336275
2006-12-19 16:48:00,3.036,3.057877458746034,3.1752818
2006-12-19 16:49:00,3.588,3.619332785112673,3.6762125
2006-12-19 16:50:00,3.704,3.732106954532575,3.7743537
2006-12-19 16:51:00,3.628,3.654668629136499,3.708371
2006-12-19 16:52:00,3.628,3.6411753869383423,3.727399
2006-12-19 16:53:00,3.624,3.6306670145340845,3.7426863
2006-12-19 16:54:00,3.726,3.7378685070914592,3.8647258
2006-12-19 16:55:00,3.762,3.781161718297617,3.9058263
2006-12-19 16:56:00,3.996,4.022610458994702,4.140549
2006-12-19 16:57:00,3.798,3.819390973023188,3.905405
2006-12-19 16:58:00,3.904,3.9082806090372406,3.9426706
2006-12-19 16:59:00,3.85,3.8681737639085743,3.9285996
2006-12-19 17:00:00,2.36,2.324395778503884,2.28147
2006-12-19 17:01:00,2.306,2.3179381720762606,2.428324
2006-12-19 17:02:00,2.292,2.2666112327125356,2.461612
2006-12-19 17:03:00,2.322,2.3120107088245407,2.4887016
2006-12-19 17:04:00,2.352,2.344167779463029,2.5040996
2006-12-19 17:05:00,2.448,2.4488241704289413,2.7877383
2006-12-19 17:06:00,2.502,2.4905622407097274,2.8188357
2006-12-19 17:07:00,2.368,2.3540237437254876,2.73629
2006-12-19 17:08:00,2.542,2.530827085255366,2.8134131
2006-12-19 17:09:00,2.814,2.823957115041561,3.036089
2006-12-19 17:10:00,2.822,2.8273189439259396,3.038134
2006-12-19 17:11:00,2.918,2.9201292512696333,3.072521
2006-12-19 17:12:00,2.638,2.6335464136063376,2.8538985
2006-12-19 17:13:00,2.744,2.7419308095206003,2.8594508
2006-12-19 17:14:00,2.734,2.73298852620758,2.876577
2006-12-19 17:15:00,2.764,2.772357902630666,2.9502187
2006-12-19 17:16:00,2.656,2.6658949173843176,2.8541634
2006-12-19 17:17:00,2.694,2.7060703273671782,2.8968906
2006-12-19 17:18:00,3.696,3.708007177633042,3.7544165
2006-12-19 17:19:00,2.948,2.946926193437696,3.2188523
2006-12-19 17:20:00,2.654,2.637475967279802,2.8231611
2006-12-19 17:21:00,2.364,2.349797005275253,2.5946515
2006-12-19 17:22:00,2.248,2.2383201214650184,2.5406575
2006-12-19 17:23:00,2.068,2.028918717734773,2.1887267
2006-12-19 17:24:00,1.612,1.5558864446850824,1.8345015
2006-12-19 17:25:00,1.988,1.985783199583279,2.1869326
2006-12-19 17:26:00,1.872,1.857265598796964,2.159439
2006-12-19 17:27:00,1.818,1.8144046510136542,2.13546
2006-12-19 17:28:00,1.842,1.8555088585726442,2.1460283
2006-12-19 17:29:00,2.242,2.2390997159278765,2.6075454
2006-12-19 17:30:00,2.294,2.297638107185274,2.6112533
2006-12-19 17:31:00,2.282,2.265156614593434,2.6047273
2006-12-19 17:32:00,2.138,2.115942766624416,2.4094412
2006-12-19 17:33:00,2.126,2.0904586160397454,2.4023426
2006-12-19 17:34:00,2.112,2.0907523144608087,2.3954868
2006-12-19 17:35:00,2.034,2.0100903229685474,2.3077855
2006-12-19 17:36:00,2.04,2.03601695171679,2.2712047
2006-12-19 17:37:00,2.004,2.0041463875523284,2.189518
2006-12-19 17:38:00,2.088,2.077341267676373,2.3336189
2006-12-19 17:39:00,2.11,2.10939337742845,2.3638136
2006-12-19 17:40:00,1.944,1.9469711496868498,2.2251446
2006-12-19 17:41:00,1.92,1.9270917494360966,2.2340686
2006-12-19 17:42:00,1.928,1.9057579879846978,2.2080512
2006-12-19 17:43:00,1.93,1.9077735052429536,2.236707
2006-12-19 17:44:00,1.906,1.868934206624759,2.2220705
2006-12-19 17:45:00,1.802,1.7851011940825061,2.1227047
2006-12-19 17:46:00,1.824,1.7998750554719494,2.1482751
2006-12-19 17:47:00,1.844,1.8251588934533702,2.1750963
2006-12-19 17:48:00,1.85,1.8329703229903775,2.184303
2006-12-19 17:49:00,1.836,1.814599846383318,2.1748059
2006-12-19 17:50:00,1.854,1.8342119384534714,2.19306
2006-12-19 17:51:00,1.828,1.8172478896573219,2.1502984
2006-12-19 17:52:00,1.848,1.8341847860048919,2.1778312
2006-12-19 17:53:00,1.836,1.8091611318540994,2.1554446
2006-12-19 17:54:00,1.854,1.8154387028249663,2.1725752
2006-12-19 17:55:00,1.854,1.8175738875753509,2.1556625
2006-12-19 17:56:00,1.834,1.8047740342085996,2.1320908
2006-12-19 17:57:00,1.886,1.8502813779264378,2.1822057
2006-12-19 17:58:00,1.862,1.8312472909678617,2.1563852
2006-12-19 17:59:00,1.986,1.9419896401030154,2.2787082
2006-12-19 18:00:00,1.97,1.9241153649075682,2.2559667
2006-12-19 18:01:00,1.97,1.9227674062510247,2.2588701
2006-12-19 18:02:00,1.952,1.9034340918741044,2.2360792
2006-12-19 18:03:00,1.99,1.9303184267149236,2.267084
2006-12-19 18:04:00,2.046,1.992892324946058,2.3304608
2006-12-19 18:05:00,1.956,1.9082636805870317,2.237464
2006-12-19 18:06:00,1.842,1.8117457205678424,2.1176846
2006-12-19 18:07:00,2.38,2.3926349523528563,2.6372893
2006-12-19 18:08:00,2.072,2.0633222031438665,2.341526
2006-12-19 18:09:00,2.054,2.0309627896588047,2.3350582
2006-12-19 18:10:00,1.548,1.5702187152408869,1.75491
2006-12-19 18:11:00,1.476,1.5053123159006885,1.7717733
2006-12-19 18:12:00,1.356,1.3645194032835835,1.342943
2006-12-19 18:13:00,1.398,1.4319046723624878,1.5298753
2006-12-19 18:14:00,1.354,1.4133844315219002,1.5096759
2006-12-19 18:15:00,1.374,1.438934010455967,1.6990377
2006-12-19 18:16:00,1.362,1.4075893148318745,1.64624
2006-12-19 18:17:00,1.35,1.419025216271844,1.5661641
2006-12-19 18:18:00,1.338,1.375433648754485,1.55452
2006-12-19 18:19:00,1.34,1.4080134699795601,1.6172105
2006-12-19 18:20:00,1.368,1.4347019298981052,1.6424543
2006-12-19 18:21:00,2.048,2.070172359033833,2.4287643
2006-12-19 18:22:00,2.41,2.4324706983256834,2.6117394
2006-12-19 18:23:00,2.218,2.2198035716353086,2.4223883
2006-12-19 18:24:00,2.36,2.3584754690583347,2.523395
2006-12-19 18:25:00,2.364,2.3504530125432987,2.5115685
2006-12-19 18:26:00,2.36,2.331399812721116,2.5298388
2006-12-19 18:27:00,2.37,2.347420067774061,2.5052097
2006-12-19 18:28:00,2.38,2.3602997542934157,2.5055063
2006-12-19 18:29:00,2.356,2.3306958780337323,2.4713123
2006-12-19 18:30:00,2.354,2.338172634803954,2.485869
2006-12-19 18:31:00,2.364,2.350664515371008,2.4764245
2006-12-19 18:32:00,2.368,2.376746159164092,2.5162556
2006-12-19 18:33:00,2.364,2.366387909545383,2.5305166
2006-12-19 18:34:00,2.362,2.3581311118594033,2.5062866
2006-12-19 18:35:00,2.374,2.383338526761363,2.5897248
2006-12-19 18:36:00,2.372,2.366101864190434,2.5873678
2006-12-19 18:37:00,2.486,2.491424780741232,2.692705
2006-12-19 18:38:00,2.498,2.5101356502424332,2.7152667
2006-12-19 18:39:00,1.888,1.876296374176446,2.0705066
2006-12-19 18:40:00,1.544,1.5286994550510915,1.7945937
2006-12-19 18:41:00,1.528,1.5401541976500768,1.748428
2006-12-19 18:42:00,1.488,1.5067564972272853,1.6494335
2006-12-19 18:43:00,1.336,1.3734321791294724,1.4843094
2006-12-19 18:44:00,1.34,1.4212554700485631,1.7017668
2006-12-19 18:45:00,1.344,1.390993571315306,1.6222963
2006-12-19 18:46:00,1.332,1.3518171721740468,1.4898785
2006-12-19 18:47:00,1.336,1.3624630376565598,1.5282615
2006-12-19 18:48:00,1.342,1.379121040994648,1.5261762
2006-12-19 18:49:00,1.34,1.382268158494865,1.583277
2006-12-19 18:50:00,1.344,1.4070049561177935,1.5547255
2006-12-19 18:51:00,1.416,1.472563556681885,1.5874358
2006-12-19 18:52:00,1.42,1.4631837385951445,1.5930519
2006-12-19 18:53:00,1.28,1.328534401766773,1.4565908
2006-12-19 18:54:00,1.278,1.3249566754775195,1.4511458
2006-12-19 18:55:00,1.688,1.7053655993773038,1.8781875
2006-12-19 18:56:00,1.948,1.9605747478190918,2.148835
2006-12-19 18:57:00,1.984,1.9837727012936737,2.2041082
2006-12-19 18:58:00,2.324,2.329224277186377,2.549348
2006-12-19 18:59:00,2.122,2.098454111252604,2.3293023
2006-12-19 19:00:00,1.904,1.8738399720111372,2.1275346
2006-12-19 19:01:00,2.144,2.126708148026182,2.287684
2006-12-19 19:02:00,2.166,2.1281881162370224,2.2884305
2006-12-19 19:03:00,2.004,1.958959065510004,2.1828387
2006-12-19 19:04:00,1.898,1.8802333850364252,2.0960789
2006-12-19 19:05:00,1.626,1.63665371227865,1.749815
2006-12-19 19:06:00,1.784,1.761980206255521,1.9344236
2006-12-19 19:07:00,3.466,3.4918443603811813,3.5671935
2006-12-19 19:08:00,2.922,2.948753278554271,3.1883023
2006-12-19 19:09:00,3.324,3.3336398262773654,3.3597832
2006-12-19 19:10:00,2.51,2.500880740208024,2.6098588
2006-12-19 19:11:00,2.714,2.7069506224847846,2.8320792
2006-12-19 19:12:00,2.788,2.781162970653791,2.951187
2006-12-19 19:13:00,3.366,3.3715599383030592,3.5043895
2006-12-19 19:14:00,3.532,3.5565374060088413,3.5973403
2006-12-19 19:15:00,4.144,4.163162844542098,4.277447
2006-12-19 19:16:00,4.142,4.157628582634825,4.1303835
2006-12-19 19:17:00,4.186,4.1847683684947565,4.249195
2006-12-19 19:18:00,5.342,5.365150874370262,5.321721
2006-12-19 19:19:00,5.586,5.606702196531942,5.5405006
2006-12-19 19:20:00,4.166,4.1282817626981885,4.191642
2006-12-19 19:21:00,4.216,4.224768530628987,4.2712283
2006-12-19 19:22:00,3.266,3.2386085827368953,3.3006923
2006-12-19 19:23:00,4.258,4.221321832130725,4.20058
2006-12-19 19:24:00,5.15,5.140574386821995,5.052868
2006-12-19 19:25:00,4.038,4.031508704978567,4.2019486
2006-12-19 19:26:00,2.76,2.7528342207510907,2.6842682
2006-12-19 19:27:00,4.412,4.398617786956791,4.4457207
2006-12-19 19:28:00,4.126,4.063108261112351,4.1997604
2006-12-19 19:29:00,3.322,3.293902108667972,3.4839652
2006-12-19 19:30:00,3.356,3.3862353122953914,3.601463
2006-12-19 19:31:00,3.838,3.840986816815855,4.036812
2006-12-19 19:32:00,3.182,3.1789926099287142,3.452078
2006-12-19 19:33:00,3.54,3.5178924895901242,3.561208
2006-12-19 19:34:00,2.078,2.082237624320266,2.347106
2006-12-19 19:35:00,2.49,2.468947271498449,2.7868452
2006-12-19 19:36:00,2.764,2.734012382674005,2.9459639
2006-12-19 19:37:00,1.798,1.7304274664442278,2.1022048
2006-12-19 19:38:00,3.004,3.0049656673869936,3.028875
2006-12-19 19:39:00,2.17,2.193133251995536,2.3776376
2006-12-19 19:40:00,2.412,2.4151893154518986,2.6777542
2006-12-19 19:41:00,2.75,2.740753609533675,2.9583862
2006-12-19 19:42:00,1.834,1.817660745034486,2.031906
2006-12-19 19:43:00,2.936,2.9117720307901376,2.8109663
2006-12-19 19:44:00,1.992,1.9425174120459627,2.3117468
2006-12-19 19:45:00,2.42,2.43389851812517,2.5309148
2006-12-19 19:46:00,2.51,2.485813049379378,2.6626453
2006-12-19 19:47:00,1.904,1.892696858359116,2.0733924
2006-12-19 19:48:00,2.92,2.8928072898270085,2.83887
2006-12-19 19:49:00,1.724,1.678521231826441,1.9318618
2006-12-19 19:50:00,2.686,2.668880195081199,2.6626918
2006-12-19 19:51:00,2.182,2.1300225454736217,2.30289
2006-12-19 19:52:00,2.214,2.187648975721861,2.4280283
2006-12-19 19:53:00,2.712,2.7001714974126365,2.8169668
2006-12-19 19:54:00,1.848,1.7998316051498577,2.1310523
2006-12-19 19:55:00,2.986,2.952558674050493,2.8908548
2006-12-19 19:56:00,1.958,1.8956360919336663,2.2178786
2006-12-19 19:57:00,2.508,2.471204532370816,2.6332963
2006-12-19 19:58:00,2.41,2.3880230271604614,2.6899931
2006-12-19 19:59:00,2.044,2.0029666012744944,2.2880204
2006-12-19 20:00:00,2.844,2.839101717242632,2.881074
2006-12-19 20:01:00,1.71,1.7088849377478972,2.1392322
2006-12-19 20:02:00,2.792,2.757560263824372,2.7735937
2006-12-19 20:03:00,1.992,1.9490478388251422,2.2895775
2006-12-19 20:04:00,2.43,2.422950720167602,2.6201172
2006-12-19 20:05:00,2.354,2.3120278608026705,2.5854397
2006-12-19 20:06:00,2.036,2.001642579354024,2.3231814
2006-12-19 20:07:00,2.736,2.733912543984915,2.7886212
2006-12-19 20:08:00,1.6,1.6123095044479392,1.9849877
2006-12-19 20:09:00,2.712,2.6880632181220703,2.7247422
2006-12-19 20:10:00,1.928,1.8600689567346242,2.1748717
2006-12-19 20:11:00,2.3,2.3021807478645733,2.5223343
2006-12-19 20:12:00,2.368,2.333162486676616,2.5626695
2006-12-19 20:13:00,1.818,1.7907075864271345,2.1406362
2006-12-19 20:14:00,2.796,2.7904078363652505,2.8152897
2006-12-19 20:15:00,1.906,1.862049443531626,2.266871
2006-12-19 20:16:00,2.436,2.43360655652299,2.5691195
2006-12-19 20:17:00,2.472,2.4564140347654724,2.711287
2006-12-19 20:18:00,1.812,1.7848550976448905,2.072085
2006-12-19 20:19:00,2.582,2.5737745850020044,2.667924
2006-12-19 20:20:00,1.096,1.1632836974522922,1.4036287
2006-12-19 20:21:00,1.304,1.1571631076504834,1.4852527
2006-12-19 20:22:00,2.144,2.168450398535235,2.349888
2006-12-19 20:23:00,2.3,2.28927599779157,2.588687
2006-12-19 20:24:00,2.33,2.3286036604147595,2.5533419
2006-12-19 20:25:00,0.804,0.820392863304763,1.1760206
2006-12-19 20:26:00,1.52,1.419123788657681,1.8548429
2006-12-19 20:27:00,1.976,1.9701939313856651,2.1652765
2006-12-19 20:28:00,2.774,2.7645290845930166,2.8055809
2006-12-19 20:29:00,0.964,0.9461837311651875,1.2132947
2006-12-19 20:30:00,0.828,0.867211163960439,1.3961787
2006-12-19 20:31:00,0.838,0.8572650651140614,0.9886414
2006-12-19 20:32:00,0.932,0.8930607087598599,0.9997478
2006-12-19 20:33:00,0.888,0.8810900234924259,1.0076647
2006-12-19 20:34:00,0.916,0.9823429384051892,1.0661181
2006-12-19 20:35:00,0.884,0.8657084877131278,1.0638616
2006-12-19 20:36:00,0.914,0.8800896746830542,1.1262994
2006-12-19 20:37:00,0.734,0.7317060522340679,0.85872376
2006-12-19 20:38:00,0.704,0.6767260122036755,0.83957016
2006-12-19 20:39:00,0.728,0.7382216560219117,0.9476598
2006-12-19 20:40:00,0.72,0.7296986226485849,0.90945
2006-12-19 20:41:00,0.716,0.7249340692576215,0.71240854
2006-12-19 20:42:00,0.722,0.7625780606064942,0.9151528
2006-12-19 20:43:00,0.698,0.7430520469842335,0.87225926
2006-12-19 20:44:00,0.72,0.7839257171489861,0.8881315
2006-12-19 20:45:00,0.664,0.7243830818036014,0.8274764
2006-12-19 20:46:00,0.628,0.6555572560793618,0.77862895
2006-12-19 20:47:00,0.616,0.6350126056736901,0.7460383
2006-12-19 20:48:00,0.628,0.6474486518134437,0.7358279
2006-12-19 20:49:00,0.606,0.6593069579513214,0.7949095
2006-12-19 20:50:00,0.622,0.6575355137578078,0.7728541
2006-12-19 20:51:00,0.604,0.6345055353913261,0.73510337
2006-12-19 20:52:00,0.616,0.6452778440864338,0.58217335
2006-12-19 20:53:00,0.602,0.6801845095598517,0.6898478
2006-12-19 20:54:00,0.616,0.7001268137175635,0.7047248
2006-12-19 20:55:00,0.632,0.7131932980586692,0.704306
2006-12-19 20:56:00,0.7,0.7806379372059438,0.7419555
2006-12-19 20:57:00,0.882,0.9596077850248411,0.9116319
2006-12-19 20:58:00,1.932,1.9500019316511292,2.1395788
2006-12-19 20:59:00,1.446,1.552772631889477,1.6632855
2006-12-19 21:00:00,1.346,1.397682413705584,1.4570681
2006-12-19 21:01:00,0.968,1.0495505267904903,1.062058
2006-12-19 21:02:00,0.986,1.0520779843749533,1.1080703
2006-12-19 21:03:00,0.964,0.971498540593451,0.8756014
2006-12-19 21:04:00,1.012,1.0587384898852354,0.9995093
2006-12-19 21:05:00,0.994,1.0296875998249937,1.0572542
2006-12-19 21:06:00,0.988,1.0704361345169033,1.0559651
2006-12-19 21:07:00,0.97,1.052000329951998,1.0876905
2006-12-19 21:08:00,1.102,1.1745769095199048,1.1882933
2006-12-19 21:09:00,0.766,0.7995494705759512,0.93619186
2006-12-19 21:10:00,0.81,0.8761160381105277,1.0724503
2006-12-19 21:11:00,0.802,0.8682881829510569,0.8941699
2006-12-19 21:12:00,0.794,0.8436925596506373,0.8997829
2006-12-19 21:13:00,0.806,0.8750450782523973,0.94303733
2006-12-19 21:14:00,0.786,0.8698902734487974,0.9686318
2006-12-19 21:15:00,0.804,0.8856651715147161,0.9471756
2006-12-19 21:16:00,0.884,0.9613221862304044,0.9893872
2006-12-19 21:17:00,0.884,0.9620212864615554,0.9862124
2006-12-19 21:18:00,0.866,0.950916288211766,0.95936286
2006-12-19 21:19:00,0.882,0.964617720292756,0.9683274
2006-12-19 21:20:00,0.86,0.9507292928044278,0.95070904
2006-12-19 21:21:00,0.858,0.9351374650024695,0.9006864
2006-12-19 21:22:00,0.826,0.8777856748217517,0.824698
2006-12-19 21:23:00,0.81,0.8878999636966431,0.8376918
2006-12-19 21:24:00,0.714,0.7922389520125599,0.7548996
2006-12-19 21:25:00,0.736,0.8349593949519636,0.7919402
2006-12-19 21:26:00,0.716,0.812347409528805,0.76242375
2006-12-19 21:27:00,0.734,0.8304709890078552,0.7796258
2006-12-19 21:28:00,0.714,0.8150482665915584,0.7752137
2006-12-19 21:29:00,0.728,0.8341219569191255,0.78262126
2006-12-19 21:30:00,0.706,0.8056151260708337,0.76246977
2006-12-19 21:31:00,0.724,0.8241978093553504,0.77524114
2006-12-19 21:32:00,0.698,0.796459565801569,0.73704624
2006-12-19 21:33:00,0.752,0.8602335462242146,0.7854091
2006-12-19 21:34:00,0.768,0.8730986169230117,0.79101384
2006-12-19 21:35:00,0.618,0.709496257480506,0.7246393
2006-12-19 21:36:00,0.584,0.6671367874652754,0.70015395
2006-12-19 21:37:00,0.718,0.7994972546197128,0.7476195
2006-12-19 21:38:00,0.716,0.7944065419636642,0.74625003
2006-12-19 21:39:00,0.714,0.8035506518942535,0.73373866
2006-12-19 21:40:00,0.714,0.8203675037839774,0.73452103
2006-12-19 21:41:00,0.686,0.7881546932131581,0.722057
2006-12-19 21:42:00,0.65,0.7391689646207031,0.6977401
2006-12-19 21:43:00,0.602,0.6875505061390753,0.67213833
2006-12-19 21:44:00,0.524,0.5936029723242389,0.6234026
2006-12-19 21:45:00,0.376,0.426452818206987,0.54103446
2006-12-19 21:46:00,0.396,0.452282083411319,0.5582143
2006-12-19 21:47:00,0.372,0.43103879495454905,0.50729525
2006-12-19 21:48:00,0.48,0.5283559970146966,0.59754694
2006-12-19 21:49:00,0.484,0.5314226594625708,0.6207168
2006-12-19 21:50:00,0.498,0.569208981048284,0.6142703
2006-12-19 21:51:00,0.478,0.5465480099724295,0.5814767
2006-12-19 21:52:00,0.494,0.5686886539270124,0.5866493
2006-12-19 21:53:00,0.478,0.5539333713869443,0.5580907
2006-12-19 21:54:00,0.494,0.5650880201543977,0.55421257
2006-12-19 21:55:00,0.476,0.5479800478181007,0.5443177
2006-12-19 21:56:00,0.498,0.566758296084894,0.55547726
2006-12-19 21:57:00,0.458,0.5218559592101155,0.52851164
2006-12-19 21:58:00,0.478,0.5420513543089229,0.5433699
2006-12-19 21:59:00,0.456,0.5267944181935386,0.53242886
2006-12-19 22:00:00,0.468,0.5461182534225606,0.51824224
2006-12-19 22:01:00,0.45,0.5252971705343229,0.49421474
2006-12-19 22:02:00,0.39,0.46374134769815556,0.47067103
2006-12-19 22:03:00,0.354,0.42211015202977975,0.453621
2006-12-19 22:04:00,0.372,0.4418764912457229,0.4473904
2006-12-19 22:05:00,0.362,0.43357840228975386,0.4409469
2006-12-19 22:06:00,0.362,0.43543608506011816,0.44394335
2006-12-19 22:07:00,0.372,0.45104486497634444,0.45194826
2006-12-19 22:08:00,0.354,0.4363482010307328,0.45004627
2006-12-19 22:09:00,0.372,0.4496278155022386,0.4610692
2006-12-19 22:10:00,0.354,0.4397517918722986,0.4495903
2006-12-19 22:11:00,0.398,0.47710044424662873,0.47108623
2006-12-19 22:12:00,0.434,0.5063881127683313,0.4806207
2006-12-19 22:13:00,0.454,0.529795954994265,0.49544474
2006-12-19 22:14:00,0.386,0.4648395093703613,0.4573321
2006-12-19 22:15:00,0.392,0.4730527031816631,0.4611704
2006-12-19 22:16:00,0.37,0.4492212745257621,0.43402132
2006-12-19 22:17:00,0.386,0.45905314564516736,0.43688115
2006-12-19 22:18:00,0.366,0.44021520282178533,0.4246759
2006-12-19 22:19:00,0.386,0.4603395570119661,0.445096
2006-12-19 22:20:00,0.368,0.44036520651433814,0.43292734
2006-12-19 22:21:00,0.34,0.41447016777617396,0.43021056
2006-12-19 22:22:00,0.324,0.3962898461980744,0.41292807
2006-12-19 22:23:00,0.382,0.45057365767433505,0.44037744
2006-12-19 22:24:00,0.298,0.36812793162296725,0.40399966
2006-12-19 22:25:00,0.314,0.385403779451038,0.4144555
2006-12-19 22:26:00,0.338,0.4100306198080285,0.41088757
2006-12-19 22:27:00,0.428,0.491478229552755,0.4802948
2006-12-19 22:28:00,0.406,0.46543387988149554,0.4652668
2006-12-19 22:29:00,0.422,0.497222260822419,0.47280404
2006-12-19 22:30:00,0.4,0.4736719204181024,0.45162842
2006-12-19 22:31:00,0.418,0.4906796787667585,0.45613107
2006-12-19 22:32:00,0.398,0.47327081317206154,0.4441087
2006-12-19 22:33:00,0.414,0.48935371825287455,0.44709858
2006-12-19 22:34:00,0.396,0.47061419118857356,0.44104323
2006-12-19 22:35:00,0.416,0.49202381218371033,0.4595079
2006-12-19 22:36:00,0.408,0.48064348638059035,0.44595727
2006-12-19 22:37:00,0.4,0.4742474316546776,0.4442335
2006-12-19 22:38:00,0.414,0.4885802533153163,0.4612163
2006-12-19 22:39:00,0.396,0.4765288737875756,0.45362315
2006-12-19 22:40:00,0.368,0.4407080281699316,0.43842873
2006-12-19 22:41:00,0.298,0.3671350160089904,0.4068657
2006-12-19 22:42:00,0.318,0.3871896183516456,0.4158511
2006-12-19 22:43:00,0.3,0.3704985067891552,0.39434454
2006-12-19 22:44:00,0.318,0.3874053624147218,0.41036174
2006-12-19 22:45:00,0.3,0.37405260093751264,0.4069471
2006-12-19 22:46:00,0.32,0.3943585376610069,0.42143688
2006-12-19 22:47:00,0.302,0.3757603034327945,0.40561017
2006-12-19 22:48:00,0.312,0.38962986714161485,0.41354427
2006-12-19 22:49:00,0.292,0.36850090243692674,0.3940743
2006-12-19 22:50:00,0.366,0.4374044891188927,0.4354479
2006-12-19 22:51:00,0.372,0.43786030291843614,0.43009147
2006-12-19 22:52:00,0.394,0.46609060752183984,0.44152924
2006-12-19 22:53:00,0.376,0.4475456459329628,0.4254174
2006-12-19 22:54:00,0.392,0.46437910480950745,0.43779454
2006-12-19 22:55:00,0.374,0.4465525220321061,0.42026922
2006-12-19 22:56:00,0.576,0.6330580046272206,0.55994797
2006-12-19 22:57:00,0.56,0.6089347095737184,0.5600383
2006-12-19 22:58:00,0.574,0.6450243633986756,0.5673698
2006-12-19 22:59:00,0.448,0.5117790257908907,0.5040828
2006-12-19 23:00:00,0.824,0.8673699396274752,0.80122316
2006-12-19 23:01:00,0.958,0.9988757754569602,0.8996042
2006-12-19 23:02:00,0.974,1.0160089896515865,0.89355594
2006-12-19 23:03:00,0.958,1.0086462587877338,0.87943304
2006-12-19 23:04:00,0.976,1.0213878360464146,0.89740455
2006-12-19 23:05:00,1.07,1.105260846433524,0.9628585
2006-12-19 23:06:00,1.076,1.121453141545596,0.94854254
2006-12-19 23:07:00,1.06,1.1059597279586524,0.9752198
2006-12-19 23:08:00,0.898,0.9679090413858537,0.8486794
2006-12-19 23:09:00,0.968,1.030084669397956,0.931197
2006-12-19 23:10:00,1.052,1.0951151257035285,0.9580066
2006-12-19 23:11:00,0.952,1.0172578506775238,0.9233649
2006-12-19 23:12:00,0.416,0.4279969948138231,0.575371
2006-12-19 23:13:00,0.526,0.5560187088922299,0.647825
2006-12-19 23:14:00,0.406,0.4602618708388607,0.54969895
2006-12-19 23:15:00,0.426,0.4731352552227909,0.5920806
2006-12-19 23:16:00,0.408,0.47605354080777207,0.5775323
2006-12-19 23:17:00,0.36,0.43248706724854014,0.5745448
2006-12-19 23:18:00,0.278,0.3117488053895251,0.5057936
2006-12-19 23:19:00,0.228,0.27587138144054313,0.4792144
2006-12-19 23:20:00,0.208,0.2683924265915397,0.4434243
2006-12-19 23:21:00,0.26,0.30474778899494226,0.44687352
2006-12-19 23:22:00,0.292,0.3507833887441907,0.47577855
2006-12-19 23:23:00,0.312,0.38501547803133845,0.46680924
2006-12-19 23:24:00,0.294,0.3608092385509756,0.40697536
2006-12-19 23:25:00,0.314,0.37731532195110895,0.44339415
2006-12-19 23:26:00,0.296,0.3607012059495172,0.40396282
2006-12-19 23:27:00,0.316,0.3831421149456148,0.38876626
2006-12-19 23:28:00,0.298,0.3657051105714261,0.38140222
2006-12-19 23:29:00,0.388,0.4385658458208417,0.41337153
2006-12-19 23:30:00,0.372,0.4209911412431371,0.40883872
2006-12-19 23:31:00,0.39,0.4431410557637765,0.41727933
2006-12-19 23:32:00,0.372,0.42654148362094224,0.41314194
2006-12-19 23:33:00,0.39,0.44135438187399895,0.40899202
2006-12-19 23:34:00,0.368,0.4240539929282143,0.38208553
2006-12-19 23:35:00,0.382,0.4483821409248225,0.3794318
2006-12-19 23:36:00,0.368,0.435539960603824,0.40203938
2006-12-19 23:37:00,0.368,0.4373915666723166,0.39718255
2006-12-19 23:38:00,0.31,0.37358478925026806,0.37722787
2006-12-19 23:39:00,0.284,0.3516891082203799,0.3613275
2006-12-19 23:40:00,0.304,0.36706411932779365,0.36286983
2006-12-19 23:41:00,0.288,0.3577190756467328,0.36507353
2006-12-19 23:42:00,0.306,0.37333549420871603,0.37845454
2006-12-19 23:43:00,0.35,0.41854113296715345,0.40766928
2006-12-19 23:44:00,0.416,0.4822090368095062,0.46229228
2006-12-19 23:45:00,0.392,0.46404893175528217,0.44662127
2006-12-19 23:46:00,0.348,0.42867675216936085,0.41906974
2006-12-19 23:47:00,0.312,0.39387549757779106,0.3901001
2006-12-19 23:48:00,0.328,0.40455814187535843,0.38808188
2006-12-19 23:49:00,0.308,0.38269146796958065,0.37371823
2006-12-19 23:50:00,0.328,0.40077052250428413,0.38565692
2006-12-19 23:51:00,0.308,0.3823419723976208,0.38043508
2006-12-19 23:52:00,0.326,0.39872649732626386,0.40020403
2006-12-19 23:53:00,0.306,0.3805012906575508,0.38037917
2006-12-19 23:54:00,0.324,0.4000679176585349,0.3851739
2006-12-19 23:55:00,0.304,0.3800853046508443,0.37384257
2006-12-19 23:56:00,0.31,0.38980411867463216,0.37589535
2006-12-19 23:57:00,0.206,0.27233404357535096,0.30868134
2006-12-19 23:58:00,0.224,0.29284409150544843,0.32270965
2006-12-19 23:59:00,0.206,0.2749952517485583,0.3070962
2006-12-20 00:00:00,0.224,0.21050550926058537,0.26035818
2006-12-20 00:01:00,0.206,0.19260471094303927,0.2389668
2006-12-20 00:02:00,0.224,0.21692226248148744,0.2765412
2006-12-20 00:03:00,0.206,0.19693860534165702,0.2514449
2006-12-20 00:04:00,0.222,0.2132868628553442,0.26652834
2006-12-20 00:05:00,0.204,0.19677560329167815,0.24707612
2006-12-20 00:06:00,0.224,0.21373559788951713,0.26961705
2006-12-20 00:07:00,0.216,0.20456531009394535,0.25226912
2006-12-20 00:08:00,0.29,0.2773439052295412,0.34346387
2006-12-20 00:09:00,0.302,0.2785902619485537,0.33938846
2006-12-20 00:10:00,0.282,0.26193140319314023,0.32652077
2006-12-20 00:11:00,0.302,0.2828463833374771,0.34773764
2006-12-20 00:12:00,0.282,0.26558063544475385,0.32332692
2006-12-20 00:13:00,0.298,0.2831404791874397,0.3313156
2006-12-20 00:14:00,0.28,0.2672114029690604,0.3124611
2006-12-20 00:15:00,0.298,0.28599689508594356,0.3374028
2006-12-20 00:16:00,0.268,0.25265242565812374,0.29981586
2006-12-20 00:17:00,0.228,0.21425615710091045,0.27697465
2006-12-20 00:18:00,0.21,0.19695235533211247,0.24865851
2006-12-20 00:19:00,0.228,0.21571790079946984,0.25438341
2006-12-20 00:20:00,0.208,0.19580142899577907,0.23992023
2006-12-20 00:21:00,0.242,0.23191228889678211,0.28639886
2006-12-20 00:22:00,0.316,0.3027317436755352,0.38359007
2006-12-20 00:23:00,0.332,0.30959765967179925,0.40109226
2006-12-20 00:24:00,0.31,0.2878685929039232,0.36454496
2006-12-20 00:25:00,0.328,0.30971871541067936,0.38744482
2006-12-20 00:26:00,0.308,0.2925300384826296,0.36303768
2006-12-20 00:27:00,0.326,0.3133371842753304,0.3743038
2006-12-20 00:28:00,0.304,0.29488004993384775,0.35559162
2006-12-20 00:29:00,0.32,0.31032706278750316,0.37173137
2006-12-20 00:30:00,0.298,0.2872366957324949,0.3455802
2006-12-20 00:31:00,0.316,0.3094276242995311,0.36765775
2006-12-20 00:32:00,0.298,0.28874589397927963,0.3316221
2006-12-20 00:33:00,0.316,0.30569776668124593,0.3594869
2006-12-20 00:34:00,0.298,0.2909317037998099,0.34902534
2006-12-20 00:35:00,0.24,0.22565907627286325,0.2931151
2006-12-20 00:36:00,0.202,0.18742579760618605,0.25779173
2006-12-20 00:37:00,0.222,0.21224771633247297,0.26091442
2006-12-20 00:38:00,0.218,0.2059042070235022,0.2480565
2006-12-20 00:39:00,0.208,0.1956126928839596,0.24100563
2006-12-20 00:40:00,0.222,0.21440489564970683,0.26344058
2006-12-20 00:41:00,0.204,0.19867815005940098,0.25313804
2006-12-20 00:42:00,0.222,0.21406144563777596,0.26656398
2006-12-20 00:43:00,0.204,0.19978316725439343,0.24897346
2006-12-20 00:44:00,0.222,0.21543560260248307,0.27202532
2006-12-20 00:45:00,0.204,0.19696047702435338,0.2489278
2006-12-20 00:46:00,0.222,0.2153474995159892,0.2580534
2006-12-20 00:47:00,0.204,0.1958705618203087,0.22576413
2006-12-20 00:48:00,0.316,0.3031980328070517,0.38862118
2006-12-20 00:49:00,0.28,0.2598753469712732,0.34022126
2006-12-20 00:50:00,0.3,0.2776215158783489,0.35649762
2006-12-20 00:51:00,0.28,0.26041215878317236,0.32253882
2006-12-20 00:52:00,0.3,0.2813617537654467,0.34411308
2006-12-20 00:53:00,0.28,0.26344670107715235,0.30873606
2006-12-20 00:54:00,0.294,0.2824560163807945,0.33447346
2006-12-20 00:55:00,0.274,0.2604552376687303,0.31136248
2006-12-20 00:56:00,0.258,0.24411694491340996,0.29989478
2006-12-20 00:57:00,0.204,0.18696246164646596,0.24406204
2006-12-20 00:58:00,0.222,0.2098755464645713,0.2611842
2006-12-20 00:59:00,0.204,0.1926752074220055,0.236065
2006-12-20 01:00:00,0.286,0.2654270937140545,0.33268806
2006-12-20 01:01:00,0.314,0.283593652309409,0.35172674
2006-12-20 01:02:00,0.332,0.3002784240063179,0.37231717
2006-12-20 01:03:00,0.312,0.28235805365762595,0.34952506
2006-12-20 01:04:00,0.33,0.3031053744665925,0.36425576
2006-12-20 01:05:00,0.312,0.2939241962508548,0.3391256
2006-12-20 01:06:00,0.33,0.31213486031037957,0.35692164
2006-12-20 01:07:00,0.316,0.3006754905916873,0.3487955
2006-12-20 01:08:00,0.322,0.3028758985198573,0.35248706
2006-12-20 01:09:00,0.326,0.3066637774314013,0.34976074
2006-12-20 01:10:00,0.31,0.2934534114026991,0.3362852
2006-12-20 01:11:00,0.326,0.3084100708042989,0.35514387
2006-12-20 01:12:00,0.306,0.2885192272910454,0.3321806
2006-12-20 01:13:00,0.292,0.2742217651181888,0.3251798
2006-12-20 01:14:00,0.21,0.1798063835678057,0.2474142
2006-12-20 01:15:00,0.228,0.20805708580594745,0.26898393
2006-12-20 01:16:00,0.208,0.1871395365462888,0.22126147
2006-12-20 01:17:00,0.228,0.20623121962138047,0.24513814
2006-12-20 01:18:00,0.208,0.18860740410697574,0.23324534
2006-12-20 01:19:00,0.226,0.2095073884461141,0.2565051
2006-12-20 01:20:00,0.208,0.19064968571586116,0.23565528
2006-12-20 01:21:00,0.226,0.2112224803581239,0.25713524
2006-12-20 01:22:00,0.208,0.19304204131997288,0.23704323
2006-12-20 01:23:00,0.226,0.21048021535940947,0.26023778
2006-12-20 01:24:00,0.206,0.18982148783274355,0.22847971
2006-12-20 01:25:00,0.226,0.20947389898526236,0.24205694
2006-12-20 01:26:00,0.21,0.19218983806637757,0.21656904
2006-12-20 01:27:00,0.23,0.21257472259235682,0.24816605
2006-12-20 01:28:00,0.264,0.24263606433530094,0.2867163
2006-12-20 01:29:00,0.304,0.2778862445509561,0.33762667
2006-12-20 01:30:00,0.288,0.25744850748885967,0.3105131
2006-12-20 01:31:00,0.36,0.32766390389179945,0.40467533
2006-12-20 01:32:00,0.372,0.33708378363198654,0.4099339
2006-12-20 01:33:00,0.388,0.35494902865795397,0.41655526
2006-12-20 01:34:00,1.294,1.313573948827311,1.6042386
2006-12-20 01:35:00,1.522,1.5585619264340025,1.7975512
2006-12-20 01:36:00,1.474,1.4861821942128337,1.7617263
2006-12-20 01:37:00,1.442,1.4700981650007052,1.748548
2006-12-20 01:38:00,1.426,1.4575454918574735,1.6769814
2006-12-20 01:39:00,1.51,1.5559788393669651,1.5532858
2006-12-20 01:40:00,1.53,1.5989384018879962,1.6168767
2006-12-20 01:41:00,1.504,1.5528248951205452,1.6429248
2006-12-20 01:42:00,1.526,1.5672916145725526,1.7002186
2006-12-20 01:43:00,1.508,1.544356280059869,1.6597886
2006-12-20 01:44:00,1.52,1.5481317365042795,1.6569875
2006-12-20 01:45:00,1.496,1.4840451446627063,1.8749051
2006-12-20 01:46:00,1.516,1.5087355896444636,1.9911553
2006-12-20 01:47:00,1.498,1.49788447723139,1.992671
2006-12-20 01:48:00,1.518,1.525261432345332,1.9339085
2006-12-20 01:49:00,1.492,1.501812396915118,1.8945282
2006-12-20 01:50:00,1.504,1.5167429460798019,1.9214553
2006-12-20 01:51:00,1.47,1.481272411412729,1.9201429
2006-12-20 01:52:00,1.428,1.4350071230015642,1.9139689
2006-12-20 01:53:00,1.382,1.3922026573544612,1.8704838
2006-12-20 01:54:00,1.406,1.4198739605409614,1.8878301
2006-12-20 01:55:00,1.358,1.3795980844581814,1.8281394
2006-12-20 01:56:00,1.336,1.3596546674654861,1.8172505
2006-12-20 01:57:00,1.32,1.3518070915232823,1.7511523
2006-12-20 01:58:00,1.332,1.3639527770021154,1.6363802
2006-12-20 01:59:00,1.312,1.3439919408458034,1.5585381
2006-12-20 02:00:00,1.326,1.3507864458022993,1.5347184
2006-12-20 02:01:00,1.314,1.3402162690685273,1.5273821
2006-12-20 02:02:00,0.5,0.4180244749866202,0.6372899
2006-12-20 02:03:00,0.208,0.17352924933911645,0.41082832
2006-12-20 02:04:00,0.228,0.26007099495455716,0.2681521
2006-12-20 02:05:00,0.21,0.29017342437111915,0.21411952
2006-12-20 02:06:00,0.23,0.31267491836180505,0.23000082
2006-12-20 02:07:00,0.21,0.29027708124035717,0.2048876
2006-12-20 02:08:00,0.23,0.2649848136574309,0.21797213
2006-12-20 02:09:00,0.276,0.27506142064463857,0.2643921
2006-12-20 02:10:00,0.294,0.27288048770809703,0.35837004
2006-12-20 02:11:00,0.306,0.26446146268362253,0.3687862
2006-12-20 02:12:00,0.286,0.25445458474279864,0.3787844
2006-12-20 02:13:00,0.306,0.2810706383544544,0.36106512
2006-12-20 02:14:00,0.286,0.2567709406251622,0.23458657
2006-12-20 02:15:00,0.304,0.26856557652880914,0.27773187
2006-12-20 02:16:00,0.284,0.2417212743326807,0.2951617
2006-12-20 02:17:00,0.282,0.22375365554432103,0.26480708
2006-12-20 02:18:00,0.318,0.252253490463083,0.27971742
2006-12-20 02:19:00,0.34,0.27070771145097006,0.30455682
2006-12-20 02:20:00,0.316,0.24394317650611186,0.29118916
2006-12-20 02:21:00,0.332,0.2591625666575187,0.31497523
2006-12-20 02:22:00,0.314,0.24153874944957943,0.29759428
2006-12-20 02:23:00,0.332,0.25776098711901624,0.3142583
2006-12-20 02:24:00,0.31,0.23616115393514014,0.3018274
2006-12-20 02:25:00,0.326,0.27044729611927226,0.27498862
2006-12-20 02:26:00,0.308,0.2731774162940319,0.30622825
2006-12-20 02:27:00,0.326,0.29945788719960426,0.3530335
2006-12-20 02:28:00,0.306,0.2801784357515894,0.3240864
2006-12-20 02:29:00,0.326,0.29869702499072426,0.35155544
2006-12-20 02:30:00,0.296,0.2698298656995928,0.32381567
2006-12-20 02:31:00,0.228,0.19423556347500698,0.28314766
2006-12-20 02:32:00,0.212,0.18016074771111085,0.26295957
2006-12-20 02:33:00,0.23,0.20023131155605606,0.24882314
2006-12-20 02:34:00,0.21,0.1765577645699804,0.23879644
2006-12-20 02:35:00,0.23,0.19698394689691945,0.255882
2006-12-20 02:36:00,0.208,0.1807122641328875,0.2490687
2006-12-20 02:37:00,0.228,0.19674331079550772,0.25749335
2006-12-20 02:38:00,0.21,0.18054410317076047,0.24351212
2006-12-20 02:39:00,0.228,0.19920513288248637,0.25531563
2006-12-20 02:40:00,0.222,0.18970034344434683,0.24514922
2006-12-20 02:41:00,0.212,0.18383479604820457,0.24266967
2006-12-20 02:42:00,0.228,0.1999327870851773,0.24569616
2006-12-20 02:43:00,0.21,0.181929540320044,0.22568461
2006-12-20 02:44:00,0.23,0.20008827551605923,0.24719676
2006-12-20 02:45:00,0.21,0.18180517002568336,0.23563561
2006-12-20 02:46:00,0.23,0.19982287321531872,0.24694642
2006-12-20 02:47:00,0.21,0.17944390271494065,0.23044786
2006-12-20 02:48:00,0.228,0.19812707304469374,0.24486086
2006-12-20 02:49:00,0.21,0.17976772487957005,0.23138556
2006-12-20 02:50:00,0.228,0.19727628976584904,0.24355265
2006-12-20 02:51:00,0.29,0.25536201822276855,0.31143746
2006-12-20 02:52:00,0.304,0.26317127382709343,0.32467398
2006-12-20 02:53:00,0.286,0.24575113218064987,0.2978551
2006-12-20 02:54:00,0.304,0.26496397217283274,0.3192427
2006-12-20 02:55:00,0.286,0.25361199960352254,0.30327365
2006-12-20 02:56:00,0.362,0.3269158327216528,0.39763376
2006-12-20 02:57:00,0.394,0.35553870785401476,0.4333473
2006-12-20 02:58:00,0.408,0.36825141311177273,0.45100185
2006-12-20 02:59:00,0.336,0.2936597680410112,0.38276455
2006-12-20 03:00:00,0.332,0.28559140248141074,0.39733908
2006-12-20 03:01:00,0.32,0.2743493557657204,0.35233542
2006-12-20 03:02:00,0.34,0.2941455603564221,0.36382183
2006-12-20 03:03:00,0.318,0.2736550664626224,0.35922965
2006-12-20 03:04:00,0.334,0.28816291309479036,0.37081286
2006-12-20 03:05:00,0.306,0.25991043097762445,0.35083732
2006-12-20 03:06:00,0.324,0.28051583379756123,0.36455032
2006-12-20 03:07:00,0.306,0.2632260235668437,0.34783623
2006-12-20 03:08:00,0.326,0.2825654533694276,0.36283335
2006-12-20 03:09:00,0.244,0.19429589905187666,0.31895408
2006-12-20 03:10:00,0.224,0.1803432054814471,0.30822703
2006-12-20 03:11:00,0.23,0.18675383084064312,0.28031656
2006-12-20 03:12:00,0.212,0.16851681041140476,0.27016553
2006-12-20 03:13:00,0.232,0.1866854815692593,0.29256114
2006-12-20 03:14:00,0.212,0.1728028142112818,0.28194687
2006-12-20 03:15:00,0.232,0.1872446492944999,0.2895659
2006-12-20 03:16:00,0.216,0.17238513440079112,0.27254352
2006-12-20 03:17:00,0.238,0.19616697102946645,0.29161474
2006-12-20 03:18:00,0.218,0.173090264282297,0.2725906
2006-12-20 03:19:00,0.236,0.1920279378069154,0.2859511
2006-12-20 03:20:00,0.216,0.1739413638140072,0.26565787
2006-12-20 03:21:00,0.236,0.19101340862431604,0.26934978
2006-12-20 03:22:00,0.216,0.1717784702160186,0.25410137
2006-12-20 03:23:00,0.232,0.1903563823642757,0.27536032
2006-12-20 03:24:00,0.21,0.16591104296748194,0.2553874
2006-12-20 03:25:00,0.23,0.18673514925040258,0.27020213
2006-12-20 03:26:00,0.212,0.1675711680628409,0.25440106
2006-12-20 03:27:00,0.25,0.20555592334619305,0.285055
2006-12-20 03:28:00,0.228,0.1814610853389348,0.2693108
2006-12-20 03:29:00,0.234,0.1895365555220595,0.27778205
2006-12-20 03:30:00,0.208,0.16243075190290468,0.25652215
2006-12-20 03:31:00,0.23,0.18656689122210734,0.2707027
2006-12-20 03:32:00,0.216,0.1711373727145833,0.25110707
2006-12-20 03:33:00,0.276,0.2321812126129007,0.31054196
2006-12-20 03:34:00,0.292,0.2413573437027352,0.32643816
2006-12-20 03:35:00,0.388,0.33259216735758923,0.44638368
2006-12-20 03:36:00,0.404,0.3431233453614212,0.45516893
2006-12-20 03:37:00,0.42,0.3627270496255073,0.46215543
2006-12-20 03:38:00,0.398,0.3463744960699823,0.43878064
2006-12-20 03:39:00,0.414,0.3666875039761634,0.4509656
2006-12-20 03:40:00,0.392,0.3537639138201706,0.4312044
2006-12-20 03:41:00,0.388,0.3494084960856897,0.4264594
2006-12-20 03:42:00,0.31,0.2577911077434822,0.37670752
2006-12-20 03:43:00,0.308,0.25750983923529586,0.3653731
