Date and Hour,real,pred
2006-12-19 11:04:00,0.61,1.5219401873853362
2006-12-19 11:05:00,0.566,1.6336369046627806
2006-12-19 11:06:00,0.606,2.0368576250489694
2006-12-19 11:07:00,0.578,1.9450359140352678
2006-12-19 11:08:00,0.586,2.1565019196208848
2006-12-19 11:09:00,0.572,1.651548756769615
2006-12-19 11:10:00,0.586,1.877961904488396
2006-12-19 11:11:00,0.484,1.3487621439095134
2006-12-19 11:12:00,0.296,1.7857253553508343
2006-12-19 11:13:00,0.314,1.8294230128641449
2006-12-19 11:14:00,0.29,1.9316964881484375
2006-12-19 11:15:00,0.308,1.6782788286570198
2006-12-19 11:16:00,0.288,1.7106116428955476
2006-12-19 11:17:00,0.304,1.9118181815976807
2006-12-19 11:18:00,0.284,1.7827371185356389
2006-12-19 11:19:00,0.302,1.7493842721796267
2006-12-19 11:20:00,0.282,1.6147834378373254
2006-12-19 11:21:00,0.302,1.9426387183521308
2006-12-19 11:22:00,0.282,1.7797324102164527
2006-12-19 11:23:00,0.3,1.7130951662052702
2006-12-19 11:24:00,0.284,1.8098293112661703
2006-12-19 11:25:00,0.382,1.6303434590446795
2006-12-19 11:26:00,0.378,1.765301821748044
2006-12-19 11:27:00,0.362,1.58906316191498
2006-12-19 11:28:00,0.38,1.6902988772527345
2006-12-19 11:29:00,0.352,1.693290674038674
2006-12-19 11:30:00,0.368,1.68523549617802
2006-12-19 11:31:00,0.34,1.6828502841867423
2006-12-19 11:32:00,0.294,1.6726434425582273
2006-12-19 11:33:00,0.252,1.6587220771156734
2006-12-19 11:34:00,0.22,1.6464451682366406
2006-12-19 11:35:00,0.202,1.6430041611661403
2006-12-19 11:36:00,0.284,1.654554434208606
2006-12-19 11:37:00,0.314,1.6509482810446672
2006-12-19 11:38:00,0.33,1.6430833190771192
2006-12-19 11:39:00,0.308,1.6388402315077217
2006-12-19 11:40:00,0.33,1.638478791191095
2006-12-19 11:41:00,0.314,1.6509143187444315
2006-12-19 11:42:00,0.332,1.6552439175752227
2006-12-19 11:43:00,0.304,1.66324478553947
2006-12-19 11:44:00,0.32,1.6650839606232155
2006-12-19 11:45:00,0.3,1.6735737482127813
2006-12-19 11:46:00,0.32,1.6747489977273164
2006-12-19 11:47:00,0.3,1.678245584638685
2006-12-19 11:48:00,0.32,1.6747559584565932
2006-12-19 11:49:00,0.3,1.6684607417831203
2006-12-19 11:50:00,0.246,1.6600536918589033
2006-12-19 11:51:00,0.204,1.6560141187338848
2006-12-19 11:52:00,0.224,1.6442391601459536
2006-12-19 11:53:00,0.206,1.6534298629202562
2006-12-19 11:54:00,0.224,1.6376484042592396
2006-12-19 11:55:00,0.216,1.6379393315727746
2006-12-19 11:56:00,0.224,1.6347705006944195
2006-12-19 11:57:00,0.232,1.6443906192345543
2006-12-19 11:58:00,0.204,1.6501495432475968
2006-12-19 11:59:00,0.224,1.6596784010068302
2006-12-19 12:00:00,0.206,1.6605764645398213
2006-12-19 12:01:00,0.224,1.6613019744230029
2006-12-19 12:02:00,0.204,1.6630012848442925
2006-12-19 12:03:00,0.224,1.6637464707235334
2006-12-19 12:04:00,0.25,1.663110600974933
2006-12-19 12:05:00,0.3,1.6691120490608577
2006-12-19 12:06:00,0.28,1.6705749413472533
2006-12-19 12:07:00,0.298,1.6634102239910367
2006-12-19 12:08:00,0.278,1.6665262323950543
2006-12-19 12:09:00,0.296,1.665814204017022
2006-12-19 12:10:00,0.278,1.6712252422729823
2006-12-19 12:11:00,0.498,1.6636348562966443
2006-12-19 12:12:00,0.484,1.6835123866042054
2006-12-19 12:13:00,0.436,1.6556657788585976
2006-12-19 12:14:00,0.43,1.662094412716545
2006-12-19 12:15:00,0.534,1.6737815063848667
2006-12-19 12:16:00,0.526,1.6964433089833513
2006-12-19 12:17:00,0.53,1.6834752746166128
2006-12-19 12:18:00,0.518,1.6844937616375915
2006-12-19 12:19:00,0.326,1.6742626073023967
2006-12-19 12:20:00,0.322,1.6724094650411585
2006-12-19 12:21:00,0.308,1.6802279775808602
2006-12-19 12:22:00,0.322,1.6799534796574007
2006-12-19 12:23:00,0.302,1.6477821434877828
2006-12-19 12:24:00,0.318,1.644952380588852
2006-12-19 12:25:00,0.304,1.6418880800060573
2006-12-19 12:26:00,0.326,1.6326916948829906
2006-12-19 12:27:00,0.306,1.6370462334745712
2006-12-19 12:28:00,0.284,1.6378650710675926
2006-12-19 12:29:00,0.204,1.6478810778823687
2006-12-19 12:30:00,0.222,1.6493916467920153
2006-12-19 12:31:00,0.202,1.6733034877307627
2006-12-19 12:32:00,0.22,1.6695276870547688
2006-12-19 12:33:00,0.202,1.679977030408197
2006-12-19 12:34:00,0.222,1.6928927015292932
2006-12-19 12:35:00,0.202,1.6768001707068565
2006-12-19 12:36:00,0.222,1.666080413184074
2006-12-19 12:37:00,0.202,1.674098274413119
2006-12-19 12:38:00,0.222,1.6720624538483826
2006-12-19 12:39:00,0.204,1.666113724640493
2006-12-19 12:40:00,0.224,1.6580757677833968
2006-12-19 12:41:00,0.208,1.6584189490651913
2006-12-19 12:42:00,0.23,1.6374590396855568
2006-12-19 12:43:00,0.208,1.6683437516913433
2006-12-19 12:44:00,0.268,1.6629461556527985
2006-12-19 12:45:00,0.28,1.6767328974601932
2006-12-19 12:46:00,0.3,1.6622932733866633
2006-12-19 12:47:00,0.282,1.6685622322849991
2006-12-19 12:48:00,0.304,1.6582066048470931
2006-12-19 12:49:00,0.294,1.6715695734462634
2006-12-19 12:50:00,0.296,1.659513490532994
2006-12-19 12:51:00,0.3,1.6625164951071296
2006-12-19 12:52:00,0.282,1.6541694346979778
2006-12-19 12:53:00,0.358,1.66747461086337
2006-12-19 12:54:00,0.318,1.6673899975251927
2006-12-19 12:55:00,0.334,1.6615035789924275
2006-12-19 12:56:00,0.318,1.656520465282828
2006-12-19 12:57:00,0.338,1.6601698107558809
2006-12-19 12:58:00,0.316,1.6629691212589908
2006-12-19 12:59:00,0.334,1.6584240614675
2006-12-19 13:00:00,0.314,1.6637723571726526
2006-12-19 13:01:00,0.326,1.6586595806038145
2006-12-19 13:02:00,0.308,1.6693174831489344
2006-12-19 13:03:00,0.324,1.6623662035422047
2006-12-19 13:04:00,0.344,1.670065197737359
2006-12-19 13:05:00,0.408,1.6641639755273467
2006-12-19 13:06:00,0.372,1.6760016844417271
2006-12-19 13:07:00,0.314,1.6698822078762798
2006-12-19 13:08:00,0.294,1.666171006510828
2006-12-19 13:09:00,0.314,1.6692245520956153
2006-12-19 13:10:00,0.298,1.677452773584645
2006-12-19 13:11:00,0.322,1.669908908363348
2006-12-19 13:12:00,0.302,1.6669746053165329
2006-12-19 13:13:00,0.32,1.6619425239099657
2006-12-19 13:14:00,0.3,1.6692720400189773
2006-12-19 13:15:00,0.318,1.6634528270700402
2006-12-19 13:16:00,0.298,1.6707183556582563
2006-12-19 13:17:00,0.316,1.6548332727739274
2006-12-19 13:18:00,0.29,1.6713367839450375
2006-12-19 13:19:00,0.308,1.6629837031444048
2006-12-19 13:20:00,0.296,1.66934712874592
2006-12-19 13:21:00,0.296,1.660137784902327
2006-12-19 13:22:00,0.306,1.674619631837055
2006-12-19 13:23:00,0.286,1.669706941568137
2006-12-19 13:24:00,0.304,1.6721741462149204
2006-12-19 13:25:00,0.37,1.6664819857553368
2006-12-19 13:26:00,0.388,1.6790770432135527
2006-12-19 13:27:00,0.368,1.6728282332656388
2006-12-19 13:28:00,0.388,1.6727045689524838
2006-12-19 13:29:00,0.334,1.6683777741617498
2006-12-19 13:30:00,0.312,1.6675852966592077
2006-12-19 13:31:00,0.372,1.6768499604907157
2006-12-19 13:32:00,0.422,1.6839534494936483
2006-12-19 13:33:00,0.376,1.6797384930844736
2006-12-19 13:34:00,0.336,1.668619970537961
2006-12-19 13:35:00,0.314,1.6678203707966621
2006-12-19 13:36:00,0.332,1.6723287552913757
2006-12-19 13:37:00,0.308,1.6718219769101998
2006-12-19 13:38:00,0.326,1.6651941878134933
2006-12-19 13:39:00,0.306,1.6615783638330512
2006-12-19 13:40:00,0.326,1.6571518970670724
2006-12-19 13:41:00,0.312,1.6617628045762867
2006-12-19 13:42:00,0.334,1.6609000858964822
2006-12-19 13:43:00,0.312,1.6617483872922187
2006-12-19 13:44:00,0.334,1.6617046750414108
2006-12-19 13:45:00,0.238,1.677739990024752
2006-12-19 13:46:00,0.236,1.6609674945207742
2006-12-19 13:47:00,0.216,1.6728117473480897
2006-12-19 13:48:00,0.228,1.670018793183407
2006-12-19 13:49:00,0.21,1.6723249588179117
2006-12-19 13:50:00,0.23,1.6555532552198022
2006-12-19 13:51:00,0.224,1.6624991545854002
2006-12-19 13:52:00,0.218,1.6464789301573604
2006-12-19 13:53:00,0.232,1.6601131670860247
2006-12-19 13:54:00,0.212,1.6624665914844328
2006-12-19 13:55:00,0.232,1.661325007127904
2006-12-19 13:56:00,0.218,1.6524784862817976
2006-12-19 13:57:00,0.236,1.6598996174553902
2006-12-19 13:58:00,0.216,1.6639878678119482
2006-12-19 13:59:00,0.234,1.6649660249135054
2006-12-19 14:00:00,0.216,1.6749907138349058
2006-12-19 14:01:00,0.236,1.6760067083934302
2006-12-19 14:02:00,0.21,1.678782910246684
2006-12-19 14:03:00,0.228,1.6664018180618942
2006-12-19 14:04:00,0.21,1.6694507321264977
2006-12-19 14:05:00,0.284,1.6606360927163715
2006-12-19 14:06:00,0.286,1.667977902022113
2006-12-19 14:07:00,0.308,1.656666827896285
2006-12-19 14:08:00,0.29,1.6610823569778046
2006-12-19 14:09:00,0.354,1.662361653977795
2006-12-19 14:10:00,0.39,1.678674603762837
2006-12-19 14:11:00,0.408,1.6776727628815329
2006-12-19 14:12:00,0.384,1.6813214594986874
2006-12-19 14:13:00,0.394,1.6781582195122544
2006-12-19 14:14:00,0.312,1.6931806359487793
2006-12-19 14:15:00,0.314,1.684228307680374
2006-12-19 14:16:00,0.29,1.6935806874110402
2006-12-19 14:17:00,0.308,1.6741225735014025
2006-12-19 14:18:00,0.288,1.6782299427564995
2006-12-19 14:19:00,0.306,1.6616673427225574
2006-12-19 14:20:00,0.29,1.661352586614119
2006-12-19 14:21:00,0.304,1.6447503468922327
2006-12-19 14:22:00,0.304,1.6522685030818187
2006-12-19 14:23:00,0.256,1.6448202626907837
2006-12-19 14:24:00,0.212,1.6531213559753906
2006-12-19 14:25:00,0.196,1.6474285859456812
2006-12-19 14:26:00,0.22,1.6650960771323995
2006-12-19 14:27:00,0.2,1.6629917797879679
2006-12-19 14:28:00,0.22,1.6675745783582507
2006-12-19 14:29:00,0.2,1.66829680060726
2006-12-19 14:30:00,0.218,1.672476466661379
2006-12-19 14:31:00,0.198,1.6742715059183122
2006-12-19 14:32:00,0.212,1.667385895578037
2006-12-19 14:33:00,0.194,1.6661293514916085
2006-12-19 14:34:00,0.214,1.6614842180959175
2006-12-19 14:35:00,0.196,1.6688939842424897
2006-12-19 14:36:00,0.218,1.6614082973767044
2006-12-19 14:37:00,0.202,1.6652327613214137
2006-12-19 14:38:00,0.216,1.6650664618081237
2006-12-19 14:39:00,0.198,1.6757021340772074
2006-12-19 14:40:00,0.222,1.6719970190468199
2006-12-19 14:41:00,0.208,1.6720916500033034
2006-12-19 14:42:00,0.23,1.6622927943012145
2006-12-19 14:43:00,0.21,1.66539766972011
2006-12-19 14:44:00,0.23,1.65813193231441
2006-12-19 14:45:00,0.252,1.661924040860776
2006-12-19 14:46:00,0.406,1.655890518313085
2006-12-19 14:47:00,0.39,1.6759884967527547
2006-12-19 14:48:00,0.522,1.6654141540855294
2006-12-19 14:49:00,0.426,1.688124678170887
2006-12-19 14:50:00,0.398,1.6758556418252692
2006-12-19 14:51:00,0.388,1.6980097943951706
2006-12-19 14:52:00,0.74,1.6977279294235894
2006-12-19 14:53:00,1.53,1.7410674647098854
2006-12-19 14:54:00,1.494,1.7857311423933968
2006-12-19 14:55:00,1.44,1.7389962217551256
2006-12-19 14:56:00,1.406,1.7480684440993877
2006-12-19 14:57:00,1.432,1.8396736969694363
2006-12-19 14:58:00,1.438,1.884933402564439
2006-12-19 14:59:00,1.436,1.9013645091056686
2006-12-19 15:00:00,1.404,1.8839893190598025
2006-12-19 15:01:00,1.422,1.8829298038316162
2006-12-19 15:02:00,1.314,1.9106049929457671
2006-12-19 15:03:00,1.326,1.844302896311839
2006-12-19 15:04:00,1.298,1.8140300213244713
2006-12-19 15:05:00,1.302,1.7490709403329041
2006-12-19 15:06:00,1.292,1.7946216208482226
2006-12-19 15:07:00,1.316,1.7480247841639065
2006-12-19 15:08:00,1.296,1.70918107961251
2006-12-19 15:09:00,1.314,1.70027761535779
2006-12-19 15:10:00,1.364,1.687246302534453
2006-12-19 15:11:00,1.402,1.7239855927377017
2006-12-19 15:12:00,1.386,1.719197646403853
2006-12-19 15:13:00,1.41,1.761189886581982
2006-12-19 15:14:00,1.374,1.8102994579815415
2006-12-19 15:15:00,1.392,1.8541633037413416
2006-12-19 15:16:00,1.376,1.8869815902829468
2006-12-19 15:17:00,1.4,1.8057933454040043
2006-12-19 15:18:00,1.37,1.8105901655932577
2006-12-19 15:19:00,1.378,1.810364505236635
2006-12-19 15:20:00,1.35,1.8201616116519055
2006-12-19 15:21:00,1.374,1.8002146745422556
2006-12-19 15:22:00,1.368,1.799915818873061
2006-12-19 15:23:00,1.362,1.7858000671530454
2006-12-19 15:24:00,1.37,1.7873836532140417
2006-12-19 15:25:00,1.35,1.77450056011903
2006-12-19 15:26:00,1.462,1.787503147209496
2006-12-19 15:27:00,1.532,1.7823944365879898
2006-12-19 15:28:00,1.558,1.7877215678329954
2006-12-19 15:29:00,1.552,1.7886733301103268
2006-12-19 15:30:00,1.572,1.797243369959412
2006-12-19 15:31:00,1.548,1.8071476346012125
2006-12-19 15:32:00,1.57,1.814295016284254
2006-12-19 15:33:00,1.546,1.8242361780916674
2006-12-19 15:34:00,1.538,1.8209652635667655
2006-12-19 15:35:00,1.45,1.8194640928457182
2006-12-19 15:36:00,1.416,1.8156312202052618
2006-12-19 15:37:00,1.376,1.8027626198555398
2006-12-19 15:38:00,1.394,1.7863589153132247
2006-12-19 15:39:00,1.38,1.7843964666958172
2006-12-19 15:40:00,1.32,1.7735100845919385
2006-12-19 15:41:00,1.294,1.767819307806152
2006-12-19 15:42:00,1.36,1.766303568483881
2006-12-19 15:43:00,1.294,1.7669374914307587
2006-12-19 15:44:00,1.376,1.7630991815823363
2006-12-19 15:45:00,1.354,1.7689192007840802
2006-12-19 15:46:00,1.324,1.7745089546231965
2006-12-19 15:47:00,1.306,1.7891137310881398
2006-12-19 15:48:00,1.31,1.7896924305256292
2006-12-19 15:49:00,1.29,1.8083153769718803
2006-12-19 15:50:00,1.306,1.8000946473355424
2006-12-19 15:51:00,1.27,1.8169180018095674
2006-12-19 15:52:00,1.298,1.8091653549828894
2006-12-19 15:53:00,1.28,1.8159893450920839
2006-12-19 15:54:00,1.276,1.802441698398313
2006-12-19 15:55:00,1.302,1.804765091548604
2006-12-19 15:56:00,1.292,1.7919892371405388
2006-12-19 15:57:00,1.306,1.8013459658171602
2006-12-19 15:58:00,1.282,1.7896478892608305
2006-12-19 15:59:00,1.284,1.7925980851744794
2006-12-19 16:00:00,1.268,1.7819788181038294
2006-12-19 16:01:00,1.292,1.7839399009849426
2006-12-19 16:02:00,1.274,1.780889131895393
2006-12-19 16:03:00,1.292,1.781016787549277
2006-12-19 16:04:00,1.314,1.789162024719831
2006-12-19 16:05:00,1.384,1.7932719276911149
2006-12-19 16:06:00,1.358,1.7884333701837634
2006-12-19 16:07:00,1.374,1.787405358402424
2006-12-19 16:08:00,1.394,1.787560140097787
2006-12-19 16:09:00,1.426,1.7880454673668855
2006-12-19 16:10:00,1.424,1.7929179096547558
2006-12-19 16:11:00,1.552,1.7888022799814522
2006-12-19 16:12:00,1.544,1.7985342428586053
2006-12-19 16:13:00,1.55,1.799569476425136
2006-12-19 16:14:00,1.53,1.8045956818954514
2006-12-19 16:15:00,1.54,1.8000204863275282
2006-12-19 16:16:00,1.512,1.7999867331622483
2006-12-19 16:17:00,1.504,1.7935479327751929
2006-12-19 16:18:00,1.53,1.8016857054798079
2006-12-19 16:19:00,1.692,1.7902574344173865
2006-12-19 16:20:00,1.448,1.7985510153681186
2006-12-19 16:21:00,1.504,1.7802935626294036
2006-12-19 16:22:00,1.622,1.7793731336302683
2006-12-19 16:23:00,1.612,1.7768000533358532
2006-12-19 16:24:00,1.446,1.7798312779096674
2006-12-19 16:25:00,1.432,1.7654612210440017
2006-12-19 16:26:00,1.446,1.7905588071308705
2006-12-19 16:27:00,1.422,1.787378628719399
2006-12-19 16:28:00,1.436,1.7907190485269282
2006-12-19 16:29:00,1.562,1.765551600031832
2006-12-19 16:30:00,1.56,1.7797988357291654
2006-12-19 16:31:00,1.692,1.7961410701108222
2006-12-19 16:32:00,1.988,1.8061192459841446
2006-12-19 16:33:00,2.274,1.7950201367034353
2006-12-19 16:34:00,2.292,1.8111580617349141
2006-12-19 16:35:00,2.268,1.8361416152462486
2006-12-19 16:36:00,2.294,1.8719756276795403
2006-12-19 16:37:00,2.264,1.9038315515319888
2006-12-19 16:38:00,2.276,1.9425295686712247
2006-12-19 16:39:00,2.258,1.9113504895458608
2006-12-19 16:40:00,2.276,1.9022596420603395
2006-12-19 16:41:00,2.264,1.8904871448651446
2006-12-19 16:42:00,2.332,1.8745048840774774
2006-12-19 16:43:00,2.276,1.7965988287287495
2006-12-19 16:44:00,2.112,1.7944197598189844
2006-12-19 16:45:00,2.1,1.7580229666159857
2006-12-19 16:46:00,2.146,1.7305883560024289
2006-12-19 16:47:00,2.09,1.7361153693764027
2006-12-19 16:48:00,3.036,1.7375221418658262
2006-12-19 16:49:00,3.588,1.7659038041569355
2006-12-19 16:50:00,3.704,1.768466868426763
2006-12-19 16:51:00,3.628,1.728331271231775
2006-12-19 16:52:00,3.628,1.6996100289962965
2006-12-19 16:53:00,3.624,1.6677648201818993
2006-12-19 16:54:00,3.726,1.6789868410979438
2006-12-19 16:55:00,3.762,1.7316069670551635
2006-12-19 16:56:00,3.996,1.6619785156739169
2006-12-19 16:57:00,3.798,1.7240809781304514
2006-12-19 16:58:00,3.904,1.6980480971486718
2006-12-19 16:59:00,3.85,1.7129169076935686
2006-12-19 17:00:00,2.36,1.5921051683330951
2006-12-19 17:01:00,2.306,1.4260927181449556
2006-12-19 17:02:00,2.292,1.4472663381799507
2006-12-19 17:03:00,2.322,1.3746648530433532
2006-12-19 17:04:00,2.352,1.5324329529587661
2006-12-19 17:05:00,2.448,1.592402621945228
2006-12-19 17:06:00,2.502,1.5173788637672319
2006-12-19 17:07:00,2.368,1.3891704607783009
2006-12-19 17:08:00,2.542,1.517687561986248
2006-12-19 17:09:00,2.814,1.546050792871319
2006-12-19 17:10:00,2.822,1.5685927328231253
2006-12-19 17:11:00,2.918,1.6656376818825926
2006-12-19 17:12:00,2.638,1.5770665861193747
2006-12-19 17:13:00,2.744,1.5850011871601764
2006-12-19 17:14:00,2.734,1.6697400703219143
2006-12-19 17:15:00,2.764,1.6484881038386028
2006-12-19 17:16:00,2.656,1.657147596186564
2006-12-19 17:17:00,2.694,1.5141189811077804
2006-12-19 17:18:00,3.696,1.6364460946572161
2006-12-19 17:19:00,2.948,1.7435039206640957
2006-12-19 17:20:00,2.654,1.5992636556342066
2006-12-19 17:21:00,2.364,1.5701198203410798
2006-12-19 17:22:00,2.248,1.3900493389855588
2006-12-19 17:23:00,2.068,1.4427708124162304
2006-12-19 17:24:00,1.612,1.5882710245278113
2006-12-19 17:25:00,1.988,1.6326390837962332
2006-12-19 17:26:00,1.872,1.6392224198056229
2006-12-19 17:27:00,1.818,1.6612194952719501
2006-12-19 17:28:00,1.842,1.7138643759513594
2006-12-19 17:29:00,2.242,1.6132362507811804
2006-12-19 17:30:00,2.294,1.6396236449032278
2006-12-19 17:31:00,2.282,1.709366985213025
2006-12-19 17:32:00,2.138,1.641236095058018
2006-12-19 17:33:00,2.126,1.6990395956385722
2006-12-19 17:34:00,2.112,1.6616441601377834
2006-12-19 17:35:00,2.034,1.803737654877888
2006-12-19 17:36:00,2.04,1.7058340722694303
2006-12-19 17:37:00,2.004,1.7572597324734633
2006-12-19 17:38:00,2.088,1.8683849809114492
2006-12-19 17:39:00,2.11,1.865914721556664
2006-12-19 17:40:00,1.944,1.8627666185301246
2006-12-19 17:41:00,1.92,1.757867303399887
2006-12-19 17:42:00,1.928,1.6471520185974708
2006-12-19 17:43:00,1.93,1.6554742032129037
2006-12-19 17:44:00,1.906,1.7524047124662347
2006-12-19 17:45:00,1.802,1.7376616580950173
2006-12-19 17:46:00,1.824,1.717918693047767
2006-12-19 17:47:00,1.844,1.734783269341378
2006-12-19 17:48:00,1.85,1.8259011774659137
2006-12-19 17:49:00,1.836,1.8008943839648046
2006-12-19 17:50:00,1.854,1.8051043242304137
2006-12-19 17:51:00,1.828,1.8568946663239092
2006-12-19 17:52:00,1.848,1.884186112285762
2006-12-19 17:53:00,1.836,1.843156473048535
2006-12-19 17:54:00,1.854,1.8244721855314845
2006-12-19 17:55:00,1.854,1.828727351857383
2006-12-19 17:56:00,1.834,1.8555033173317894
2006-12-19 17:57:00,1.886,1.8558057147552591
2006-12-19 17:58:00,1.862,1.8655954750598958
2006-12-19 17:59:00,1.986,1.8687399038332086
2006-12-19 18:00:00,1.97,1.8401286901888507
2006-12-19 18:01:00,1.97,1.8388584459883364
2006-12-19 18:02:00,1.952,1.8256555974250694
2006-12-19 18:03:00,1.99,1.8258300216634804
2006-12-19 18:04:00,2.046,1.8282085403547685
2006-12-19 18:05:00,1.956,1.8248072798714963
2006-12-19 18:06:00,1.842,1.8131263981265493
2006-12-19 18:07:00,2.38,1.8100717261666637
2006-12-19 18:08:00,2.072,1.8125861838880453
2006-12-19 18:09:00,2.054,1.837039322585206
2006-12-19 18:10:00,1.548,1.8032121072378702
2006-12-19 18:11:00,1.476,1.791466451097989
2006-12-19 18:12:00,1.356,1.7750447361886823
2006-12-19 18:13:00,1.398,1.7932666152120014
2006-12-19 18:14:00,1.354,1.7640508792603866
2006-12-19 18:15:00,1.374,1.7282022130795067
2006-12-19 18:16:00,1.362,1.7924651338570416
2006-12-19 18:17:00,1.35,1.730136530375212
2006-12-19 18:18:00,1.338,1.7200881565743058
2006-12-19 18:19:00,1.34,1.6702975841603651
2006-12-19 18:20:00,1.368,1.7107112448873736
2006-12-19 18:21:00,2.048,1.728698473008009
2006-12-19 18:22:00,2.41,1.7842538855095473
2006-12-19 18:23:00,2.218,1.7982093604375995
2006-12-19 18:24:00,2.36,1.8230508987476435
2006-12-19 18:25:00,2.364,1.8375801443905315
2006-12-19 18:26:00,2.36,1.9182674645597875
2006-12-19 18:27:00,2.37,1.9668887048120367
2006-12-19 18:28:00,2.38,2.0425368751287816
2006-12-19 18:29:00,2.356,2.0167539960288288
2006-12-19 18:30:00,2.354,1.9592355998760265
2006-12-19 18:31:00,2.364,1.8737299149735391
2006-12-19 18:32:00,2.368,1.8390753431560631
2006-12-19 18:33:00,2.364,1.7303177096344684
2006-12-19 18:34:00,2.362,1.7372918214425555
2006-12-19 18:35:00,2.374,1.7483375847156526
2006-12-19 18:36:00,2.372,1.6919949116723392
2006-12-19 18:37:00,2.486,1.6955869965076484
2006-12-19 18:38:00,2.498,1.6711202669901046
2006-12-19 18:39:00,1.888,1.6555464791467873
2006-12-19 18:40:00,1.544,1.6502405300813423
2006-12-19 18:41:00,1.528,1.7110271710870044
2006-12-19 18:42:00,1.488,1.7387659552136747
2006-12-19 18:43:00,1.336,1.7525697501746735
2006-12-19 18:44:00,1.34,1.8196481462373715
2006-12-19 18:45:00,1.344,1.7670174159425553
2006-12-19 18:46:00,1.332,1.7557678353392494
2006-12-19 18:47:00,1.336,1.7586696391451666
2006-12-19 18:48:00,1.342,1.7058938211527632
2006-12-19 18:49:00,1.34,1.6914201629275374
2006-12-19 18:50:00,1.344,1.7452703523186486
2006-12-19 18:51:00,1.416,1.7887000867056995
2006-12-19 18:52:00,1.42,1.784460353160224
2006-12-19 18:53:00,1.28,1.7896810054703187
2006-12-19 18:54:00,1.278,1.8482619866714158
2006-12-19 18:55:00,1.688,1.8805543012234485
2006-12-19 18:56:00,1.948,1.8815913021971546
2006-12-19 18:57:00,1.984,1.9384488476004742
2006-12-19 18:58:00,2.324,1.9254408560649554
2006-12-19 18:59:00,2.122,1.8975745704475004
2006-12-19 19:00:00,1.904,1.8612655536029474
2006-12-19 19:01:00,2.144,1.8481450655865896
2006-12-19 19:02:00,2.166,1.8397224140050192
2006-12-19 19:03:00,2.004,1.855308594225948
2006-12-19 19:04:00,1.898,1.8327050780159382
2006-12-19 19:05:00,1.626,1.7921651429730268
2006-12-19 19:06:00,1.784,1.7915104202856322
2006-12-19 19:07:00,3.466,1.7546751053425513
2006-12-19 19:08:00,2.922,1.7660070844438736
2006-12-19 19:09:00,3.324,1.7425379871519926
2006-12-19 19:10:00,2.51,1.6826650123707803
2006-12-19 19:11:00,2.714,1.734364080843326
2006-12-19 19:12:00,2.788,1.7884037332376317
2006-12-19 19:13:00,3.366,1.6804259196688647
2006-12-19 19:14:00,3.532,1.7613441676417259
2006-12-19 19:15:00,4.144,1.6740084117889065
2006-12-19 19:16:00,4.142,1.748364389683677
2006-12-19 19:17:00,4.186,1.7870836098822733
2006-12-19 19:18:00,5.342,1.862574362232098
2006-12-19 19:19:00,5.586,1.5913647930678991
2006-12-19 19:20:00,4.166,1.7297787534747568
2006-12-19 19:21:00,4.216,1.4037485002421877
2006-12-19 19:22:00,3.266,1.5950768624475986
2006-12-19 19:23:00,4.258,1.4666927733104078
2006-12-19 19:24:00,5.15,1.669800101696433
2006-12-19 19:25:00,4.038,1.626982174613866
2006-12-19 19:26:00,2.76,1.4673022352415273
2006-12-19 19:27:00,4.412,1.327062311519548
2006-12-19 19:28:00,4.126,1.7928840811483362
2006-12-19 19:29:00,3.322,1.7629216005482706
2006-12-19 19:30:00,3.356,1.4764854105543797
2006-12-19 19:31:00,3.838,1.2882016360983202
2006-12-19 19:32:00,3.182,1.2111959730144417
2006-12-19 19:33:00,3.54,1.4151100496376583
2006-12-19 19:34:00,2.078,1.785788085653721
2006-12-19 19:35:00,2.49,1.2718825626147119
2006-12-19 19:36:00,2.764,1.4663512607434654
2006-12-19 19:37:00,1.798,1.3194402422078606
2006-12-19 19:38:00,3.004,1.325328211952336
2006-12-19 19:39:00,2.17,1.4347532641235474
2006-12-19 19:40:00,2.412,1.5358603275528917
2006-12-19 19:41:00,2.75,1.5964487012491537
2006-12-19 19:42:00,1.834,1.3275801722916611
2006-12-19 19:43:00,2.936,1.12231237442281
2006-12-19 19:44:00,1.992,1.591459996262318
2006-12-19 19:45:00,2.42,1.460259885320104
2006-12-19 19:46:00,2.51,1.678205671719206
2006-12-19 19:47:00,1.904,1.486367593583307
2006-12-19 19:48:00,2.92,1.5172219074818991
2006-12-19 19:49:00,1.724,1.7513131159375002
2006-12-19 19:50:00,2.686,1.6591364577200398
2006-12-19 19:51:00,2.182,1.6025173007648712
2006-12-19 19:52:00,2.214,1.529045862617207
2006-12-19 19:53:00,2.712,1.8273472633900667
2006-12-19 19:54:00,1.848,1.6326684732628238
2006-12-19 19:55:00,2.986,1.653984396480026
2006-12-19 19:56:00,1.958,1.711643612847854
2006-12-19 19:57:00,2.508,1.5271025054781109
2006-12-19 19:58:00,2.41,1.7783393726732726
2006-12-19 19:59:00,2.044,1.6314447044047553
2006-12-19 20:00:00,2.844,1.7376898918461097
2006-12-19 20:01:00,1.71,1.8259788157190926
2006-12-19 20:02:00,2.792,1.589994592172037
2006-12-19 20:03:00,1.992,1.7745873237193865
2006-12-19 20:04:00,2.43,1.5964597986111495
2006-12-19 20:05:00,2.354,1.7061203759568826
2006-12-19 20:06:00,2.036,1.759200949280949
2006-12-19 20:07:00,2.736,1.6938083974681795
2006-12-19 20:08:00,1.6,1.7584288944363555
2006-12-19 20:09:00,2.712,1.5836351264976218
2006-12-19 20:10:00,1.928,1.721711278561148
2006-12-19 20:11:00,2.3,1.668297814272283
2006-12-19 20:12:00,2.368,1.6556200126321727
2006-12-19 20:13:00,1.818,1.8292183366729202
2006-12-19 20:14:00,2.796,1.668975486920015
2006-12-19 20:15:00,1.906,1.7296466772145689
2006-12-19 20:16:00,2.436,1.6446257318675153
2006-12-19 20:17:00,2.472,1.6618793677719246
2006-12-19 20:18:00,1.812,1.688498367701697
2006-12-19 20:19:00,2.582,1.7217984704168046
2006-12-19 20:20:00,1.096,1.8089953404199788
2006-12-19 20:21:00,1.304,1.6177937267145137
2006-12-19 20:22:00,2.144,1.7314912134904783
2006-12-19 20:23:00,2.3,1.6509858619113398
2006-12-19 20:24:00,2.33,1.8242572253444898
2006-12-19 20:25:00,0.804,1.7928228752467512
2006-12-19 20:26:00,1.52,1.7173698830249529
2006-12-19 20:27:00,1.976,1.7156159574246528
2006-12-19 20:28:00,2.774,1.6607561615536082
2006-12-19 20:29:00,0.964,1.6849928193752768
2006-12-19 20:30:00,0.828,1.6262140983025888
2006-12-19 20:31:00,0.838,1.700862400336859
2006-12-19 20:32:00,0.932,1.983732377267045
2006-12-19 20:33:00,0.888,1.6224318899394576
2006-12-19 20:34:00,0.916,1.798496455361389
2006-12-19 20:35:00,0.884,1.8366418321723648
2006-12-19 20:36:00,0.914,1.7864298685377622
2006-12-19 20:37:00,0.734,1.6556952830521723
2006-12-19 20:38:00,0.704,1.6397342516946065
2006-12-19 20:39:00,0.728,1.6537721279122566
2006-12-19 20:40:00,0.72,1.5727253560288683
2006-12-19 20:41:00,0.716,1.610122744250481
2006-12-19 20:42:00,0.722,1.5436891998597844
2006-12-19 20:43:00,0.698,1.6282820279545496
2006-12-19 20:44:00,0.72,1.7641107844961101
2006-12-19 20:45:00,0.664,1.790538877884646
2006-12-19 20:46:00,0.628,1.7921577090283334
2006-12-19 20:47:00,0.616,1.7575640253351472
2006-12-19 20:48:00,0.628,1.7114047649501511
2006-12-19 20:49:00,0.606,1.8345087798454052
2006-12-19 20:50:00,0.622,1.7251413072185022
2006-12-19 20:51:00,0.604,1.6862992540758224
2006-12-19 20:52:00,0.616,1.6387651852917755
2006-12-19 20:53:00,0.602,1.7109945039948227
2006-12-19 20:54:00,0.616,1.7274751717334245
2006-12-19 20:55:00,0.632,1.718025647417936
2006-12-19 20:56:00,0.7,1.7142348390772857
2006-12-19 20:57:00,0.882,1.713543367766609
2006-12-19 20:58:00,1.932,1.6936676959973107
2006-12-19 20:59:00,1.446,1.715795920152979
2006-12-19 21:00:00,1.346,1.7499727754308951
2006-12-19 21:01:00,0.968,1.768366107096414
2006-12-19 21:02:00,0.986,1.8338105947046304
2006-12-19 21:03:00,0.964,1.8160841404736914
2006-12-19 21:04:00,1.012,1.8127775818846588
2006-12-19 21:05:00,0.994,1.77709105720716
2006-12-19 21:06:00,0.988,1.7257569855805424
2006-12-19 21:07:00,0.97,1.711723838066093
2006-12-19 21:08:00,1.102,1.6417417844263391
2006-12-19 21:09:00,0.766,1.7189012879873093
2006-12-19 21:10:00,0.81,1.7221030215300348
2006-12-19 21:11:00,0.802,1.7055656202998837
2006-12-19 21:12:00,0.794,1.5601942599635432
2006-12-19 21:13:00,0.806,1.5665477705343371
2006-12-19 21:14:00,0.786,1.5532979286252626
2006-12-19 21:15:00,0.804,1.5817560319062427
2006-12-19 21:16:00,0.884,1.66539542709569
2006-12-19 21:17:00,0.884,1.6729399189027132
2006-12-19 21:18:00,0.866,1.7291418546585207
2006-12-19 21:19:00,0.882,1.7784690752691368
2006-12-19 21:20:00,0.86,1.7693907182516053
2006-12-19 21:21:00,0.858,1.788323819381436
2006-12-19 21:22:00,0.826,1.700774152860213
2006-12-19 21:23:00,0.81,1.7258645163522095
2006-12-19 21:24:00,0.714,1.7118100991481617
2006-12-19 21:25:00,0.736,1.7414733869233743
2006-12-19 21:26:00,0.716,1.7440562266105852
2006-12-19 21:27:00,0.734,1.7185441318444161
2006-12-19 21:28:00,0.714,1.7323712628498809
2006-12-19 21:29:00,0.728,1.7077673628684165
2006-12-19 21:30:00,0.706,1.6998677654100223
2006-12-19 21:31:00,0.724,1.693721293586087
2006-12-19 21:32:00,0.698,1.6739345194126622
2006-12-19 21:33:00,0.752,1.6864250190865495
2006-12-19 21:34:00,0.768,1.6984807631710968
2006-12-19 21:35:00,0.618,1.6939271151275241
2006-12-19 21:36:00,0.584,1.7111437792991735
2006-12-19 21:37:00,0.718,1.7146658858542403
2006-12-19 21:38:00,0.716,1.7305412146813992
2006-12-19 21:39:00,0.714,1.7223975474095292
2006-12-19 21:40:00,0.714,1.7238562564592974
2006-12-19 21:41:00,0.686,1.7298416683620434
2006-12-19 21:42:00,0.65,1.7264966058087317
2006-12-19 21:43:00,0.602,1.7235961191980813
2006-12-19 21:44:00,0.524,1.7156165807241686
2006-12-19 21:45:00,0.376,1.7151847918421534
2006-12-19 21:46:00,0.396,1.7102674818114225
2006-12-19 21:47:00,0.372,1.6900011060213782
2006-12-19 21:48:00,0.48,1.692929097290608
2006-12-19 21:49:00,0.484,1.6995674415148074
2006-12-19 21:50:00,0.498,1.7020579594652379
2006-12-19 21:51:00,0.478,1.7025713972307979
2006-12-19 21:52:00,0.494,1.7194357808020413
2006-12-19 21:53:00,0.478,1.7091738947443198
2006-12-19 21:54:00,0.494,1.7074942494636602
2006-12-19 21:55:00,0.476,1.726727257817784
2006-12-19 21:56:00,0.498,1.7150843345705271
2006-12-19 21:57:00,0.458,1.7232443878081423
2006-12-19 21:58:00,0.478,1.732865975202414
2006-12-19 21:59:00,0.456,1.7615921360194422
2006-12-19 22:00:00,0.468,1.789982043674153
2006-12-19 22:01:00,0.45,1.794528458504197
2006-12-19 22:02:00,0.39,1.7774932449051173
2006-12-19 22:03:00,0.354,1.7605172633981656
2006-12-19 22:04:00,0.372,1.7451394732602936
2006-12-19 22:05:00,0.362,1.731065333832221
2006-12-19 22:06:00,0.362,1.7234745351413325
2006-12-19 22:07:00,0.372,1.7188717765603356
2006-12-19 22:08:00,0.354,1.7245575380662608
2006-12-19 22:09:00,0.372,1.7367428430014908
2006-12-19 22:10:00,0.354,1.7396009009142634
2006-12-19 22:11:00,0.398,1.7488591181488309
2006-12-19 22:12:00,0.434,1.746929517130568
2006-12-19 22:13:00,0.454,1.7523738047253752
2006-12-19 22:14:00,0.386,1.7508451750973408
2006-12-19 22:15:00,0.392,1.7519475872700512
2006-12-19 22:16:00,0.37,1.7642906102979314
2006-12-19 22:17:00,0.386,1.7668843725055932
2006-12-19 22:18:00,0.366,1.7670079099972096
2006-12-19 22:19:00,0.386,1.76727935969501
2006-12-19 22:20:00,0.368,1.7616967802011005
2006-12-19 22:21:00,0.34,1.756626569162292
2006-12-19 22:22:00,0.324,1.75504096412739
2006-12-19 22:23:00,0.382,1.74654565502767
2006-12-19 22:24:00,0.298,1.7522291388374271
2006-12-19 22:25:00,0.314,1.741600236279696
2006-12-19 22:26:00,0.338,1.735562669590096
2006-12-19 22:27:00,0.428,1.7406171277653617
2006-12-19 22:28:00,0.406,1.7380257563418
2006-12-19 22:29:00,0.422,1.73942712070365
2006-12-19 22:30:00,0.4,1.751182765630462
2006-12-19 22:31:00,0.418,1.7605785982507212
2006-12-19 22:32:00,0.398,1.7629631085688067
2006-12-19 22:33:00,0.414,1.7616751489578948
2006-12-19 22:34:00,0.396,1.7673078334895478
2006-12-19 22:35:00,0.416,1.7636610711026186
2006-12-19 22:36:00,0.408,1.7574258523684296
2006-12-19 22:37:00,0.4,1.7504090916096735
2006-12-19 22:38:00,0.414,1.7628655478046797
2006-12-19 22:39:00,0.396,1.7558587687788916
2006-12-19 22:40:00,0.368,1.7584254341139571
2006-12-19 22:41:00,0.298,1.7486190883336756
2006-12-19 22:42:00,0.318,1.739529446915237
2006-12-19 22:43:00,0.3,1.732028333339917
2006-12-19 22:44:00,0.318,1.7327505168997366
2006-12-19 22:45:00,0.3,1.73045046091357
2006-12-19 22:46:00,0.32,1.7323489369280627
2006-12-19 22:47:00,0.302,1.7366885214248156
2006-12-19 22:48:00,0.312,1.744211281687453
2006-12-19 22:49:00,0.292,1.7494598379836612
2006-12-19 22:50:00,0.366,1.750054410614186
2006-12-19 22:51:00,0.372,1.7538761047837685
2006-12-19 22:52:00,0.394,1.7488062929320696
2006-12-19 22:53:00,0.376,1.7533403399415797
2006-12-19 22:54:00,0.392,1.7583408515044192
2006-12-19 22:55:00,0.374,1.7692611042512365
2006-12-19 22:56:00,0.576,1.7710678358820786
2006-12-19 22:57:00,0.56,1.7791759262679763
2006-12-19 22:58:00,0.574,1.779221152111788
2006-12-19 22:59:00,0.448,1.7684638159697528
2006-12-19 23:00:00,0.824,1.7986399849806443
2006-12-19 23:01:00,0.958,1.7955730425703156
2006-12-19 23:02:00,0.974,1.79984271663362
2006-12-19 23:03:00,0.958,1.7822026142020582
2006-12-19 23:04:00,0.976,1.8050256745828426
2006-12-19 23:05:00,1.07,1.8186606590423948
2006-12-19 23:06:00,1.076,1.8053543702505
2006-12-19 23:07:00,1.06,1.810002410923555
2006-12-19 23:08:00,0.898,1.7875074237209891
2006-12-19 23:09:00,0.968,1.8072371912309475
2006-12-19 23:10:00,1.052,1.770646510355195
2006-12-19 23:11:00,0.952,1.777786801472149
2006-12-19 23:12:00,0.416,1.7310030770392972
2006-12-19 23:13:00,0.526,1.752676423461656
2006-12-19 23:14:00,0.406,1.7026809803720575
2006-12-19 23:15:00,0.426,1.6804072029570616
2006-12-19 23:16:00,0.408,1.6579437929110281
2006-12-19 23:17:00,0.36,1.6406920843940596
2006-12-19 23:18:00,0.278,1.6442612973274142
2006-12-19 23:19:00,0.228,1.6117259526996555
2006-12-19 23:20:00,0.208,1.6576659375289098
2006-12-19 23:21:00,0.26,1.6723679651256251
2006-12-19 23:22:00,0.292,1.7219462232050124
2006-12-19 23:23:00,0.312,1.7313715074201663
2006-12-19 23:24:00,0.294,1.7384559261743264
2006-12-19 23:25:00,0.314,1.7460598799706053
2006-12-19 23:26:00,0.296,1.7801103409342742
2006-12-19 23:27:00,0.316,1.806527300646979
2006-12-19 23:28:00,0.298,1.8622412774280561
2006-12-19 23:29:00,0.388,1.8527995369319261
2006-12-19 23:30:00,0.372,1.8303455367769663
2006-12-19 23:31:00,0.39,1.8402696447481146
2006-12-19 23:32:00,0.372,1.8253197383452135
2006-12-19 23:33:00,0.39,1.8268541544550088
2006-12-19 23:34:00,0.368,1.8040216151789326
2006-12-19 23:35:00,0.382,1.8006325768053069
2006-12-19 23:36:00,0.368,1.8065627515178906
2006-12-19 23:37:00,0.368,1.7881728170670388
2006-12-19 23:38:00,0.31,1.7787546917797303
2006-12-19 23:39:00,0.284,1.761379466366506
2006-12-19 23:40:00,0.304,1.7581335889732277
2006-12-19 23:41:00,0.288,1.7534906905599046
2006-12-19 23:42:00,0.306,1.758236044241465
2006-12-19 23:43:00,0.35,1.7518656492774984
2006-12-19 23:44:00,0.416,1.7617202200686728
2006-12-19 23:45:00,0.392,1.755300886536761
2006-12-19 23:46:00,0.348,1.757125876716599
2006-12-19 23:47:00,0.312,1.765921212994085
2006-12-19 23:48:00,0.328,1.7718619258513488
2006-12-19 23:49:00,0.308,1.7753232625523199
2006-12-19 23:50:00,0.328,1.7717898524251163
2006-12-19 23:51:00,0.308,1.7738288047016542
2006-12-19 23:52:00,0.326,1.7766439795429414
2006-12-19 23:53:00,0.306,1.7789127601644652
2006-12-19 23:54:00,0.324,1.780999800683956
2006-12-19 23:55:00,0.304,1.7903675152877403
2006-12-19 23:56:00,0.31,1.7846310586733838
2006-12-19 23:57:00,0.206,1.7788929332258618
2006-12-19 23:58:00,0.224,1.7675562753847351
2006-12-19 23:59:00,0.206,1.7574114384944002
2006-12-20 00:00:00,0.224,1.569849478285069
2006-12-20 00:01:00,0.206,1.5792746710426102
2006-12-20 00:02:00,0.224,1.5748664749190613
2006-12-20 00:03:00,0.206,1.5894358015917707
2006-12-20 00:04:00,0.222,1.5894964251745114
2006-12-20 00:05:00,0.204,1.6052006967203778
2006-12-20 00:06:00,0.224,1.596649147955292
2006-12-20 00:07:00,0.216,1.5915923856643421
2006-12-20 00:08:00,0.29,1.568410701143151
2006-12-20 00:09:00,0.302,1.5829148757096623
2006-12-20 00:10:00,0.282,1.5677021699906604
2006-12-20 00:11:00,0.302,1.5885072641005196
2006-12-20 00:12:00,0.282,1.585049373241305
2006-12-20 00:13:00,0.298,1.5997375257381774
2006-12-20 00:14:00,0.28,1.5935420752634117
2006-12-20 00:15:00,0.298,1.5939728817904462
2006-12-20 00:16:00,0.268,1.586850748385003
2006-12-20 00:17:00,0.228,1.5867352321860742
2006-12-20 00:18:00,0.21,1.5829742752728289
2006-12-20 00:19:00,0.228,1.5903532236916371
2006-12-20 00:20:00,0.208,1.57896307234298
2006-12-20 00:21:00,0.242,1.5898169756672476
2006-12-20 00:22:00,0.316,1.581502301468777
2006-12-20 00:23:00,0.332,1.564679738705173
2006-12-20 00:24:00,0.31,1.564914530061987
2006-12-20 00:25:00,0.328,1.5592752487724584
2006-12-20 00:26:00,0.308,1.57274664542705
2006-12-20 00:27:00,0.326,1.572457090680928
2006-12-20 00:28:00,0.304,1.5836818852322123
2006-12-20 00:29:00,0.32,1.582682282197835
2006-12-20 00:30:00,0.298,1.5904446210922456
2006-12-20 00:31:00,0.316,1.5878861458433977
2006-12-20 00:32:00,0.298,1.591322931065501
2006-12-20 00:33:00,0.316,1.5883450850607734
2006-12-20 00:34:00,0.298,1.5846729321553021
2006-12-20 00:35:00,0.24,1.5823127440082692
2006-12-20 00:36:00,0.202,1.5857343661367096
2006-12-20 00:37:00,0.222,1.5804077972246828
2006-12-20 00:38:00,0.218,1.5801462491801725
2006-12-20 00:39:00,0.208,1.5659535970789076
2006-12-20 00:40:00,0.222,1.5720078620530047
2006-12-20 00:41:00,0.204,1.571657567390521
2006-12-20 00:42:00,0.222,1.5905048463551001
2006-12-20 00:43:00,0.204,1.591170500727538
2006-12-20 00:44:00,0.222,1.6044376979692294
2006-12-20 00:45:00,0.204,1.5947844950242323
2006-12-20 00:46:00,0.222,1.5848843925102012
2006-12-20 00:47:00,0.204,1.5892199392284554
2006-12-20 00:48:00,0.316,1.5910321581979459
2006-12-20 00:49:00,0.28,1.583033218461989
2006-12-20 00:50:00,0.3,1.5824342198267942
2006-12-20 00:51:00,0.28,1.5898017153242252
2006-12-20 00:52:00,0.3,1.5862557423812886
2006-12-20 00:53:00,0.28,1.5996924745869148
2006-12-20 00:54:00,0.294,1.5909972943325588
2006-12-20 00:55:00,0.274,1.5925816432818647
2006-12-20 00:56:00,0.258,1.5779547179061995
2006-12-20 00:57:00,0.204,1.5807776073310675
2006-12-20 00:58:00,0.222,1.5809217616082076
2006-12-20 00:59:00,0.204,1.602955967118392
2006-12-20 01:00:00,0.286,1.5734324037754785
2006-12-20 01:01:00,0.314,1.5832704433936982
2006-12-20 01:02:00,0.332,1.5513617981940406
2006-12-20 01:03:00,0.312,1.5600529847059252
2006-12-20 01:04:00,0.33,1.5481679869143734
2006-12-20 01:05:00,0.312,1.561855403183904
2006-12-20 01:06:00,0.33,1.5588123305518007
2006-12-20 01:07:00,0.316,1.5598600302736645
2006-12-20 01:08:00,0.322,1.5579654486880474
2006-12-20 01:09:00,0.326,1.5701749943747791
2006-12-20 01:10:00,0.31,1.5700199253076976
2006-12-20 01:11:00,0.326,1.5862059253298555
2006-12-20 01:12:00,0.306,1.5701035891869115
2006-12-20 01:13:00,0.292,1.581609786599646
2006-12-20 01:14:00,0.21,1.5741075181733617
2006-12-20 01:15:00,0.228,1.57708277640576
2006-12-20 01:16:00,0.208,1.5717178585730969
2006-12-20 01:17:00,0.228,1.5689592948055215
2006-12-20 01:18:00,0.208,1.5578933401225596
2006-12-20 01:19:00,0.226,1.5522658690600448
2006-12-20 01:20:00,0.208,1.5567718912395114
2006-12-20 01:21:00,0.226,1.569162947708267
2006-12-20 01:22:00,0.208,1.582104465493674
2006-12-20 01:23:00,0.226,1.5806977336761325
2006-12-20 01:24:00,0.206,1.5812205429183497
2006-12-20 01:25:00,0.226,1.5676361491716395
2006-12-20 01:26:00,0.21,1.5807106777826092
2006-12-20 01:27:00,0.23,1.5706314637163148
2006-12-20 01:28:00,0.264,1.588235002903148
2006-12-20 01:29:00,0.304,1.577940634012359
2006-12-20 01:30:00,0.288,1.5853923516754467
2006-12-20 01:31:00,0.36,1.5788380371915642
2006-12-20 01:32:00,0.372,1.5817214628566432
2006-12-20 01:33:00,0.388,1.5710106801002437
2006-12-20 01:34:00,1.294,1.5747387478148513
2006-12-20 01:35:00,1.522,1.4931796979049585
2006-12-20 01:36:00,1.474,1.4447327163905719
2006-12-20 01:37:00,1.442,1.4559250068869443
2006-12-20 01:38:00,1.426,1.4923187318961502
2006-12-20 01:39:00,1.51,1.5800027458944512
2006-12-20 01:40:00,1.53,1.6184911971011233
2006-12-20 01:41:00,1.504,1.5945550733025013
2006-12-20 01:42:00,1.526,1.5897734695233197
2006-12-20 01:43:00,1.508,1.6004951145630777
2006-12-20 01:44:00,1.52,1.5734112454867186
2006-12-20 01:45:00,1.496,1.5870453620151086
2006-12-20 01:46:00,1.516,1.4643923564202075
2006-12-20 01:47:00,1.498,1.4712153008802376
2006-12-20 01:48:00,1.518,1.3946709159845878
2006-12-20 01:49:00,1.492,1.3982657703820671
2006-12-20 01:50:00,1.504,1.4087085075277026
2006-12-20 01:51:00,1.47,1.3858667426109674
2006-12-20 01:52:00,1.428,1.4617910462485932
2006-12-20 01:53:00,1.382,1.5908435085945083
2006-12-20 01:54:00,1.406,1.6537713974636958
2006-12-20 01:55:00,1.358,1.6502808638604822
2006-12-20 01:56:00,1.336,1.717574681798626
2006-12-20 01:57:00,1.32,1.7064011695237482
2006-12-20 01:58:00,1.332,1.5662845237049416
2006-12-20 01:59:00,1.312,1.5408111472358073
2006-12-20 02:00:00,1.326,1.581253465674676
2006-12-20 02:01:00,1.314,1.5963014298183995
2006-12-20 02:02:00,0.5,1.5970239083215536
2006-12-20 02:03:00,0.208,1.6414867892694738
2006-12-20 02:04:00,0.228,1.6276460963147263
2006-12-20 02:05:00,0.21,1.6279014317872749
2006-12-20 02:06:00,0.23,1.5732590187512991
2006-12-20 02:07:00,0.21,1.552502499684585
2006-12-20 02:08:00,0.23,1.5801506855856684
2006-12-20 02:09:00,0.276,1.5934309842548262
2006-12-20 02:10:00,0.294,1.5778497202466988
2006-12-20 02:11:00,0.306,1.632439376264274
2006-12-20 02:12:00,0.286,1.603253773777808
2006-12-20 02:13:00,0.306,1.5388396299698035
2006-12-20 02:14:00,0.286,1.5900370456567998
2006-12-20 02:15:00,0.304,1.582751841368198
2006-12-20 02:16:00,0.284,1.6331182668459752
2006-12-20 02:17:00,0.282,1.668554966853903
2006-12-20 02:18:00,0.318,1.7085458702257355
2006-12-20 02:19:00,0.34,1.7106407732463484
2006-12-20 02:20:00,0.316,1.7076868966016197
2006-12-20 02:21:00,0.332,1.7200072262421542
2006-12-20 02:22:00,0.314,1.7007846842726468
2006-12-20 02:23:00,0.332,1.6354158889547281
2006-12-20 02:24:00,0.31,1.5195634552126978
2006-12-20 02:25:00,0.326,1.4673034989360023
2006-12-20 02:26:00,0.308,1.5356097745701252
2006-12-20 02:27:00,0.326,1.540284064451001
2006-12-20 02:28:00,0.306,1.5485722921005696
2006-12-20 02:29:00,0.326,1.5482509403652873
2006-12-20 02:30:00,0.296,1.5550575511018319
2006-12-20 02:31:00,0.228,1.561176470068724
2006-12-20 02:32:00,0.212,1.5691692026176558
2006-12-20 02:33:00,0.23,1.5635517259373148
2006-12-20 02:34:00,0.21,1.565598769692649
2006-12-20 02:35:00,0.23,1.5572930510395548
2006-12-20 02:36:00,0.208,1.5591679120769426
2006-12-20 02:37:00,0.228,1.5493475311477916
2006-12-20 02:38:00,0.21,1.5640648852075423
2006-12-20 02:39:00,0.228,1.56008470105221
2006-12-20 02:40:00,0.222,1.5767428071969714
2006-12-20 02:41:00,0.212,1.565856087353925
2006-12-20 02:42:00,0.228,1.5666545630989182
2006-12-20 02:43:00,0.21,1.564544369375796
2006-12-20 02:44:00,0.23,1.5664262118327514
2006-12-20 02:45:00,0.21,1.573217910291666
2006-12-20 02:46:00,0.23,1.5768539194615034
2006-12-20 02:47:00,0.21,1.5766401242074863
2006-12-20 02:48:00,0.228,1.5825089277055155
2006-12-20 02:49:00,0.21,1.5785512275388442
2006-12-20 02:50:00,0.228,1.5849356153468772
2006-12-20 02:51:00,0.29,1.5755464797716834
2006-12-20 02:52:00,0.304,1.5679111175588727
2006-12-20 02:53:00,0.286,1.5557273632083848
2006-12-20 02:54:00,0.304,1.5530979414302752
2006-12-20 02:55:00,0.286,1.5669194414821812
2006-12-20 02:56:00,0.362,1.5623855861550406
2006-12-20 02:57:00,0.394,1.570718349527703
2006-12-20 02:58:00,0.408,1.5484571630809867
2006-12-20 02:59:00,0.336,1.5537787496884996
2006-12-20 03:00:00,0.332,1.5786928880090634
2006-12-20 03:01:00,0.32,1.5991554965944976
2006-12-20 03:02:00,0.34,1.6046349522164234
2006-12-20 03:03:00,0.318,1.5959842290890642
2006-12-20 03:04:00,0.334,1.5868339727995058
2006-12-20 03:05:00,0.306,1.5785310804595574
2006-12-20 03:06:00,0.324,1.573306784372912
2006-12-20 03:07:00,0.306,1.5817561805543534
2006-12-20 03:08:00,0.326,1.5692884255067023
2006-12-20 03:09:00,0.244,1.5802538547593614
2006-12-20 03:10:00,0.224,1.5629723632733195
2006-12-20 03:11:00,0.23,1.5821345442942023
2006-12-20 03:12:00,0.212,1.5769578198490237
2006-12-20 03:13:00,0.232,1.5805926783799837
2006-12-20 03:14:00,0.212,1.5749414489251545
2006-12-20 03:15:00,0.232,1.576713927475335
2006-12-20 03:16:00,0.216,1.582258373018945
2006-12-20 03:17:00,0.238,1.593058821400547
2006-12-20 03:18:00,0.218,1.596288627783778
2006-12-20 03:19:00,0.236,1.6050846850397378
2006-12-20 03:20:00,0.216,1.5882519843276899
2006-12-20 03:21:00,0.236,1.586813862100148
2006-12-20 03:22:00,0.216,1.5824011689157846
2006-12-20 03:23:00,0.232,1.5922054922754687
2006-12-20 03:24:00,0.21,1.6033671444136433
2006-12-20 03:25:00,0.23,1.5999990687773014
2006-12-20 03:26:00,0.212,1.6151055327303545
2006-12-20 03:27:00,0.25,1.6010188760196644
2006-12-20 03:28:00,0.228,1.6092177238028684
2006-12-20 03:29:00,0.234,1.5971514038268602
2006-12-20 03:30:00,0.208,1.5994926556150542
2006-12-20 03:31:00,0.23,1.5869011640260953
2006-12-20 03:32:00,0.216,1.591734867041116
2006-12-20 03:33:00,0.276,1.5895255450785295
2006-12-20 03:34:00,0.292,1.5940588223224694
2006-12-20 03:35:00,0.388,1.5822588559205357
2006-12-20 03:36:00,0.404,1.5864839747574475
2006-12-20 03:37:00,0.42,1.57430102560416
2006-12-20 03:38:00,0.398,1.5863722785849148
2006-12-20 03:39:00,0.414,1.5832098846408649
2006-12-20 03:40:00,0.392,1.5976975529731012
2006-12-20 03:41:00,0.388,1.5904291304890585
2006-12-20 03:42:00,0.31,1.5926285371103366
2006-12-20 03:43:00,0.308,1.5871207637014153
