Date and Hour,real,predicted,lower_ci,upper_ci
2006-12-19 11:04:00,0.6100000000000001,1.4553950581636674,0.7388798204443819,2.5477056609683775
2006-12-19 11:05:00,0.566,1.5883675363458207,0.6861979304650938,3.089941326025977
2006-12-19 11:06:00,0.606,1.6783841918515336,0.7125857826454954,3.3007132905413874
2006-12-19 11:07:00,0.578,1.6676145947687389,0.6992658167909687,3.304905946465252
2006-12-19 11:08:00,0.586,1.6114085806771952,0.6509946769725858,3.267173999085017
2006-12-19 11:09:00,0.572,1.5774572490054897,0.5953848532566378,3.330727008364823
2006-12-19 11:10:00,0.586,1.5827456797814556,0.5557893015595086,3.4838049872956725
2006-12-19 11:11:00,0.484,1.6048340192941994,0.5344835101259028,3.6385406019289577
2006-12-19 11:12:00,0.296,1.6179168475542454,0.5181301413557213,3.747656303307253
2006-12-19 11:13:00,0.314,1.6153168364505244,0.49776967997673155,3.8197107942034747
2006-12-19 11:14:00,0.29000000000000004,1.6064149182302982,0.47388560892064724,3.886934393086405
2006-12-19 11:15:00,0.308,1.6014390246715948,0.45064991905622365,3.970221006176104
2006-12-19 11:16:00,0.28800000000000003,1.6026456890405991,0.4306316438576242,4.0668075688943945
2006-12-19 11:17:00,0.30400000000000005,1.6061914543414666,0.41339779181264297,4.163368853111977
2006-12-19 11:18:00,0.284,1.608087445781009,0.39724783109270567,4.25192783915897
2006-12-19 11:19:00,0.30200000000000005,1.6075366664589414,0.3812035187663404,4.33386344188111
2006-12-19 11:20:00,0.28200000000000003,1.606121172534715,0.3653964816473541,4.414610366738705
2006-12-19 11:21:00,0.30200000000000005,1.605402284816174,0.35034620001458916,4.49748479586199
2006-12-19 11:22:00,0.28200000000000003,1.6056480980243149,0.33629413638749756,4.581977169176377
2006-12-19 11:23:00,0.3,1.6062115041040235,0.3231009198601873,4.6659474014557745
2006-12-19 11:24:00,0.284,1.6064834363252656,0.3105113004338377,4.748151368397913
2006-12-19 11:25:00,0.3820000000000001,1.6063751967735458,0.2983879181337737,4.828879959773548
2006-12-19 11:26:00,0.37800000000000006,1.6061511653065872,0.28673515640039576,4.909056158385859
2006-12-19 11:27:00,0.362,1.6060486976210337,0.2755973457719397,4.989223469608219
2006-12-19 11:28:00,0.38,1.6060957684814963,0.26497709760840815,5.069299555065876
2006-12-19 11:29:00,0.35200000000000004,1.6061847017042037,0.2548303549450959,5.148951087610008
2006-12-19 11:30:00,0.36800000000000005,1.6062231707433925,0.24510410970169663,5.228001614088295
2006-12-19 11:31:00,0.3400000000000001,1.6062028964828114,0.23576460961600937,5.306524200564057
2006-12-19 11:32:00,0.29400000000000004,1.6061676423792468,0.22679739357778933,5.3846865871370975
2006-12-19 11:33:00,0.25199999999999995,1.6061532622670058,0.2181928551553643,5.462587858037361
2006-12-19 11:34:00,0.21999999999999995,1.6061619222405525,0.209936164386741,5.540224176616998
2006-12-19 11:35:00,0.20200000000000007,1.6061758765336036,0.20200753883423245,5.617553181037733
2006-12-19 11:36:00,0.284,1.6061812266544282,0.19438744621142234,5.694559643068214
2006-12-19 11:37:00,0.314,1.6061775534957712,0.187059959289397,5.771268169770426
2006-12-19 11:38:00,0.32999999999999996,1.6061720380968791,0.18001234017794784,5.8477166924793345
2006-12-19 11:39:00,0.308,1.6061700582267566,0.1732329736252984,5.92393033388108
2006-12-19 11:40:00,0.32999999999999996,1.6061716066964409,0.16671008707775045,5.9999169465675735
2006-12-19 11:41:00,0.314,1.6061737834648864,0.16043186072990473,6.075678188351774
2006-12-19 11:42:00,0.332,1.6061745116877502,0.15438710330334254,6.151220052742848
2006-12-19 11:43:00,0.30400000000000005,1.606173862397421,0.14856561636535826,6.226554522099436
2006-12-19 11:44:00,0.32,1.6061730045404705,0.1429580599481399,6.3016950672496765
2006-12-19 11:45:00,0.3,1.6061727385677653,0.13755563613085442,6.376652517517628
2006-12-19 11:46:00,0.32,1.6061730095299092,0.13234990439532296,6.4514345518991325
2006-12-19 11:47:00,0.3,1.6061733471135375,0.12733278410259,6.52604761268614
2006-12-19 11:48:00,0.32,1.6061734434602264,0.1224966221728383,6.600498599296125
2006-12-19 11:49:00,0.3,1.6061733308626793,0.1178342130869516,6.674795079499601
2006-12-19 11:50:00,0.24600000000000002,1.6061731982126513,0.11333875491935057,6.748944542981344
2006-12-19 11:51:00,0.20399999999999993,1.6061731636517387,0.10900378740199777,6.822953766537888
2006-12-19 11:52:00,0.22399999999999992,1.6061732102616773,0.1048231519612991,6.8968287802691055
2006-12-19 11:53:00,0.20600000000000004,1.6061732623075273,0.10079097776393652,6.9705752069037095
2006-12-19 11:54:00,0.22399999999999992,1.6061732745586184,0.0969016760508746,7.044198542603993
2006-12-19 11:55:00,0.21599999999999997,1.6061732553317882,0.09314992828282437,7.117704190754423
2006-12-19 11:56:00,0.22399999999999992,1.6061732349421705,0.08953066696924415,7.191097347464897
2006-12-19 11:57:00,0.23199999999999998,1.6061732306630865,0.08603905566198436,7.264382913111193
2006-12-19 11:58:00,0.20399999999999993,1.6061732385688383,0.08267047307814027,7.337565502501383
2006-12-19 11:59:00,0.22399999999999992,1.6061732465444782,0.07942050140060765,7.410649511385823
2006-12-19 12:00:00,0.20600000000000004,1.606173248011071,0.07628491618059328,7.4836391692438005
2006-12-19 12:01:00,0.22399999999999992,1.6061732447699661,0.07325967596028632,7.556538550713766
2006-12-19 12:02:00,0.20399999999999993,1.6061732416550782,0.07034091155865771,7.629351563877593
2006-12-19 12:03:00,0.22399999999999992,1.606173241164936,0.06752491588103272,7.702081943683318
2006-12-19 12:04:00,0.2500000000000001,1.6061732424900397,0.06480813482574356,7.774733261116483
2006-12-19 12:05:00,0.3,1.6061732437046152,0.062187159200055776,7.847308940450423
2006-12-19 12:06:00,0.27999999999999997,1.6061732438627285,0.059658717250274634,7.919812273293871
2006-12-19 12:07:00,0.298,1.606173243322356,0.05721966753850014,7.992246425486418
2006-12-19 12:08:00,0.27799999999999997,1.6061732428495386,0.054866992146843166,8.064614440158948
2006-12-19 12:09:00,0.296,1.6061732428011906,0.052597790300325985,8.136919241539413
2006-12-19 12:10:00,0.27799999999999997,1.6061732430210234,0.050409272452779263,8.209163641040996
2006-12-19 12:11:00,0.4979999999999999,1.6061732432047742,0.04829875479401191,8.281350344278934
2006-12-19 12:12:00,0.484,1.6061732432182727,0.04626365410310173,8.353481957224638
2006-12-19 12:13:00,0.436,1.6061732431290434,0.0443014828953138,8.425560990960415
2006-12-19 12:14:00,0.43000000000000005,1.6061732430577569,0.04240984484470294,8.497589865640776
2006-12-19 12:15:00,0.5340000000000001,1.6061732430546438,0.04058643047856969,8.569570914408716
2006-12-19 12:16:00,0.5259999999999999,1.606173243090784,0.038829013133693975,8.641506387495088
2006-12-19 12:17:00,0.5299999999999999,1.6061732431183897,0.03713544515417179,8.713398456274394
2006-12-19 12:18:00,0.518,1.6061732431187412,0.03550365430810453,8.785249217003125
2006-12-19 12:19:00,0.32599999999999996,1.6061732431041333,0.03393164040486662,8.857060694178907
2006-12-19 12:20:00,0.322,1.6061732430934632,0.032417472100105336,8.928834843636636
2006-12-19 12:21:00,0.308,1.606173243093671,0.030959283878046678,9.000573555509943
2006-12-19 12:22:00,0.322,1.6061732430995646,0.02955527320045594,9.072278657097733
2006-12-19 12:23:00,0.30200000000000005,1.6061732431036806,0.028203697810991,9.143951915604076
2006-12-19 12:24:00,0.3180000000000001,1.6061732431034612,0.02690287318408439,9.215595040715273
2006-12-19 12:25:00,0.30400000000000005,1.6061732431010887,0.025651170108716724,9.287209687013506
2006-12-19 12:26:00,0.32599999999999996,1.606173243099504,0.024447012398678792,9.358797456253251
2006-12-19 12:27:00,0.306,1.6061732430996443,0.023288874721687523,9.430359899526712
2006-12-19 12:28:00,0.284,1.606173243100598,0.022175280540122296,9.501898519329236
2006-12-19 12:29:00,0.20399999999999993,1.6061732431012068,0.021104800156485526,9.573414771524133
2006-12-19 12:30:00,0.22200000000000003,1.6061732431011302,0.02007604885713766,9.644910067206064
2006-12-19 12:31:00,0.20200000000000007,1.6061732431007472,0.019087685148371714,9.716385774467524
2006-12-19 12:32:00,0.21999999999999995,1.606173243100514,0.018138409079374317,9.78784322007716
2006-12-19 12:33:00,0.20200000000000007,1.6061732431005524,0.017226960647011555,9.859283691077644
2006-12-19 12:34:00,0.22200000000000003,1.606173243100706,0.01635211827770254,9.930708436308535
2006-12-19 12:35:00,0.20200000000000007,1.6061732431007953,0.015512697381942279,10.002118667857063
2006-12-19 12:36:00,0.22200000000000003,1.606173243100777,0.014707548977328498,10.073515562440061
2006-12-19 12:37:00,0.20200000000000007,1.6061732431007154,0.013935558376231606,10.144900262720585
2006-12-19 12:38:00,0.22200000000000003,1.6061732431006814,0.013195643934511466,10.216273878563454
2006-12-19 12:39:00,0.20399999999999993,1.60617324310069,0.012486755857917033,10.28763748823353
2006-12-19 12:40:00,0.22399999999999992,1.6061732431007145,0.0118078750630239,10.358992139539852
2006-12-19 12:41:00,0.208,1.6061732431007274,0.011158012089759764,10.430338850928486
2006-12-19 12:42:00,0.23,1.6061732431007234,0.010536206062757068,10.501678612526558
2006-12-19 12:43:00,0.208,1.6061732431007139,0.00994152369894678,10.573012387140162
2006-12-19 12:44:00,0.26799999999999996,1.606173243100709,0.009373058358969599,10.644341111208584
2006-12-19 12:45:00,0.27999999999999997,1.6061732431007105,0.008829929140130964,10.71566569571726
2006-12-19 12:46:00,0.3,1.6061732431007145,0.008311280008765996,10.7869870270715
2006-12-19 12:47:00,0.28200000000000003,1.6061732431007163,0.007816278970010117,10.858305967933173
2006-12-19 12:48:00,0.30400000000000005,1.6061732431007156,0.007344117273092055,10.929623358021919
2006-12-19 12:49:00,0.29400000000000004,1.606173243100714,0.006894008650379691,11.000940014883
2006-12-19 12:50:00,0.296,1.6061732431007132,0.00646518858851471,11.072256734623176
2006-12-19 12:51:00,0.3,1.6061732431007134,0.006056913630071021,11.143574292616456
2006-12-19 12:52:00,0.28200000000000003,1.606173243100714,0.005668460704263207,11.214893444180976
2006-12-19 12:53:00,0.3580000000000001,1.6061732431007145,0.005299126485318897,11.286214925228636
2006-12-19 12:54:00,0.3180000000000001,1.6061732431007143,0.004948226777208825,11.357539452888592
2006-12-19 12:55:00,0.334,1.606173243100714,0.00461509592350447,11.428867726106054
2006-12-19 12:56:00,0.3180000000000001,1.6061732431007139,0.004299086241204866,11.500200426217376
2006-12-19 12:57:00,0.3380000000000001,1.6061732431007139,0.003999567477440214,11.57153821750275
2006-12-19 12:58:00,0.31599999999999995,1.606173243100714,0.0037159262880237685,11.642881747717398
2006-12-19 12:59:00,0.334,1.606173243100714,0.0034475657368820286,11.714231648602293
2006-12-19 13:00:00,0.314,1.606173243100714,0.003193904815449786,11.785588536375496
2006-12-19 13:01:00,0.32599999999999996,1.606173243100714,0.002954377981168925,11.856953012204693
2006-12-19 13:02:00,0.308,1.606173243100714,0.0027284347142804053,11.928325662662152
2006-12-19 13:03:00,0.32400000000000007,1.606173243100714,0.002515539092145977,11.999707060162578
2006-12-19 13:04:00,0.34400000000000003,1.606173243100714,0.002315169380381424,12.071097763384781
2006-12-19 13:05:00,0.408,1.606173243100714,0.0021268176401261405,12.142498317677912
2006-12-19 13:06:00,0.37200000000000005,1.606173243100714,0.001949989350814882,12.213909255452789
2006-12-19 13:07:00,0.314,1.606173243100714,0.0017842030478572614,12.285331096559112
2006-12-19 13:08:00,0.29400000000000004,1.606173243100714,0.0016289899746680056,12.356764348649124
2006-12-19 13:09:00,0.314,1.606173243100714,0.0014838937485284057,12.428209507528242
2006-12-19 13:10:00,0.298,1.606173243100714,0.001348470039794567,12.499667057493376
2006-12-19 13:11:00,0.322,1.606173243100714,0.001222286264003503,12.571137471659211
2006-12-19 13:12:00,0.30200000000000005,1.606173243100714,0.0011049212864623088,12.642621212273214
2006-12-19 13:13:00,0.32,1.606173243100714,0.0009959651389400775,12.714118731019669
2006-12-19 13:14:00,0.3,1.606173243100714,0.0008950187481164258,12.78563046931326
2006-12-19 13:15:00,0.3180000000000001,1.606173243100714,0.000801693675475478,12.857156858582572
2006-12-19 13:16:00,0.298,1.606173243100714,0.00071561186836948,12.928698320544072
2006-12-19 13:17:00,0.31599999999999995,1.606173243100714,0.0006364054220133218,13.000255267466727
2006-12-19 13:18:00,0.29000000000000004,1.606173243100714,0.0005637163522099466,13.071828102427833
2006-12-19 13:19:00,0.308,1.606173243100714,0.0004971963786477636,13.14341721956032
2006-12-19 13:20:00,0.296,1.606173243100714,0.0004365067186559786,13.21502300429192
2006-12-19 13:21:00,0.296,1.606173243100714,0.00038131789135255713,13.286645833576372
2006-12-19 13:22:00,0.306,1.606173243100714,0.0003313095321740794,13.358286076117247
2006-12-19 13:23:00,0.2860000000000001,1.606173243100714,0.0002861702178385266,13.429944092584396
2006-12-19 13:24:00,0.30400000000000005,1.606173243100714,0.0002455973018629942,13.50162023582347
2006-12-19 13:25:00,0.37,1.606173243100714,0.00020929676084121133,13.573314851058786
2006-12-19 13:26:00,0.388,1.606173243100714,0.00017698305178398847,13.645028276089668
2006-12-19 13:27:00,0.36800000000000005,1.606173243100714,0.00014837898094417204,13.716760841480642
2006-12-19 13:28:00,0.388,1.606173243100714,0.00012321558469221539,13.788512870745693
2006-12-19 13:29:00,0.334,1.606173243100714,0.00010123202318831539,13.860284680526675
2006-12-19 13:30:00,0.31199999999999994,1.606173243100714,8.217548782362242e-05,13.932076580766283
2006-12-19 13:31:00,0.37200000000000005,1.606173243100714,6.580112369377963e-05,14.003888874875695
2006-12-19 13:32:00,0.422,1.606173243100714,5.187196874734348e-05,14.075721859897012
2006-12-19 13:33:00,0.376,1.606173243100714,4.015891175605523e-05,14.147575826660857
2006-12-19 13:34:00,0.33600000000000013,1.606173243100714,3.0440671938246007e-05,14.219451059939153
2006-12-19 13:35:00,0.314,1.606173243100714,2.250380401667972e-05,14.291347838593255
2006-12-19 13:36:00,0.332,1.606173243100714,1.6142733844973808e-05,14.363266435717783
2006-12-19 13:37:00,0.308,1.606173243100714,1.1159831721104492e-05,14.435207118780125
2006-12-19 13:38:00,0.32599999999999996,1.606173243100714,7.365533519174359e-06,14.507170149755757
2006-12-19 13:39:00,0.306,1.606173243100714,4.578524537471216e-06,14.579155785259697
2006-12-19 13:40:00,0.32599999999999996,1.606173243100714,2.6260088933395525e-06,14.65116427667407
2006-12-19 13:41:00,0.31199999999999994,1.606173243100714,1.3441013615950376e-06,14.723195870271967
2006-12-19 13:42:00,0.334,1.606173243100714,5.784056539332943e-07,14.79525080733775
2006-12-19 13:43:00,0.31199999999999994,1.606173243100714,1.8490167535614774e-07,14.867329324283903
2006-12-19 13:44:00,0.334,1.606173243100714,3.141440291946074e-08,14.939431652764542
2006-12-19 13:45:00,0.23799999999999996,1.606173243100714,4.602170758717187e-10,15.011558019785724
2006-12-19 13:46:00,0.2359999999999999,1.606173243100714,,15.083708647812617
2006-12-19 13:47:00,0.21599999999999997,1.606173243100714,,15.155883754873694
2006-12-19 13:48:00,0.22800000000000006,1.606173243100714,,15.22808355466201
2006-12-19 13:49:00,0.21000000000000005,1.606173243100714,,15.300308256633635
2006-12-19 13:50:00,0.23,1.606173243100714,,15.372558066103457
2006-12-19 13:51:00,0.22399999999999992,1.606173243100714,,15.444833184338254
2006-12-19 13:52:00,0.218,1.606173243100714,,15.517133808647332
2006-12-19 13:53:00,0.23199999999999998,1.606173243100714,,15.589460132470569
2006-12-19 13:54:00,0.21199999999999988,1.606173243100714,,15.661812345464208
2006-12-19 13:55:00,0.23199999999999998,1.606173243100714,,15.734190633584324
2006-12-19 13:56:00,0.218,1.606173243100714,,15.806595179167951
2006-12-19 13:57:00,0.2359999999999999,1.606173243100714,,15.87902616101221
2006-12-19 13:58:00,0.21599999999999997,1.606173243100714,,15.951483754451226
2006-12-19 13:59:00,0.234,1.606173243100714,,16.02396813143107
2006-12-19 14:00:00,0.21599999999999997,1.606173243100714,,16.096479460582753
2006-12-19 14:01:00,0.2359999999999999,1.606173243100714,,16.169017907293288
2006-12-19 14:02:00,0.21000000000000005,1.606173243100714,,16.241583633774916
2006-12-19 14:03:00,0.22800000000000006,1.606173243100714,,16.314176799132525
2006-12-19 14:04:00,0.21000000000000005,1.606173243100714,,16.386797559429485
2006-12-19 14:05:00,0.284,1.606173243100714,,16.459446067751493
2006-12-19 14:06:00,0.2860000000000001,1.606173243100714,,16.532122474269194
2006-12-19 14:07:00,0.308,1.606173243100714,,16.604826926298855
2006-12-19 14:08:00,0.29000000000000004,1.606173243100714,,16.67755956836177
2006-12-19 14:09:00,0.35400000000000015,1.606173243100714,,16.750320542242015
2006-12-19 14:10:00,0.39,1.606173243100714,,16.823109987042887
2006-12-19 14:11:00,0.408,1.606173243100714,,16.895928039241806
2006-12-19 14:12:00,0.38400000000000006,1.606173243100714,,16.968774832744067
2006-12-19 14:13:00,0.394,1.606173243100714,,17.04165049893501
2006-12-19 14:14:00,0.31199999999999994,1.606173243100714,,17.114555166731126
2006-12-19 14:15:00,0.314,1.606173243100714,,17.18748896262984
2006-12-19 14:16:00,0.29000000000000004,1.606173243100714,,17.260452010758094
2006-12-19 14:17:00,0.308,1.606173243100714,,17.333444432919727
2006-12-19 14:18:00,0.28800000000000003,1.606173243100714,,17.4064663486418
2006-12-19 14:19:00,0.306,1.606173243100714,,17.47951787521969
2006-12-19 14:20:00,0.29000000000000004,1.606173243100714,,17.552599127761276
2006-12-19 14:21:00,0.30400000000000005,1.606173243100714,,17.625710219229912
2006-12-19 14:22:00,0.30400000000000005,1.606173243100714,,17.69885126048653
2006-12-19 14:23:00,0.25600000000000006,1.606173243100714,,17.77202236033062
2006-12-19 14:24:00,0.21199999999999988,1.606173243100714,,17.845223625540378
2006-12-19 14:25:00,0.196,1.606173243100714,,17.91845516091184
2006-12-19 14:26:00,0.21999999999999995,1.606173243100714,,17.991717069297117
2006-12-19 14:27:00,0.20000000000000007,1.606173243100714,,18.065009451641817
2006-12-19 14:28:00,0.21999999999999995,1.606173243100714,,18.138332407021505
2006-12-19 14:29:00,0.20000000000000007,1.606173243100714,,18.211686032677424
2006-12-19 14:30:00,0.218,1.606173243100714,,18.285070424051327
2006-12-19 14:31:00,0.19799999999999998,1.606173243100714,,18.35848567481958
2006-12-19 14:32:00,0.21199999999999988,1.606173243100714,,18.431931876926463
2006-12-19 14:33:00,0.19399999999999998,1.606173243100714,,18.505409120616708
2006-12-19 14:34:00,0.214,1.606173243100714,,18.578917494467355
2006-12-19 14:35:00,0.196,1.606173243100714,,18.652457085418884
2006-12-19 14:36:00,0.218,1.606173243100714,,18.726027978805597
2006-12-19 14:37:00,0.20200000000000007,1.606173243100714,,18.79963025838547
2006-12-19 14:38:00,0.21599999999999997,1.606173243100714,,18.87326400636915
2006-12-19 14:39:00,0.19799999999999998,1.606173243100714,,18.946929303448474
2006-12-19 14:40:00,0.22200000000000003,1.606173243100714,,19.020626228824344
2006-12-19 14:41:00,0.208,1.606173243100714,,19.09435486023389
2006-12-19 14:42:00,0.23,1.606173243100714,,19.1681152739772
2006-12-19 14:43:00,0.21000000000000005,1.606173243100714,,19.241907544943363
2006-12-19 14:44:00,0.23,1.606173243100714,,19.315731746635972
2006-12-19 14:45:00,0.25199999999999995,1.606173243100714,,19.38958795119808
2006-12-19 14:46:00,0.406,1.606173243100714,,19.46347622943673
2006-12-19 14:47:00,0.39,1.606173243100714,,19.53739665084676
2006-12-19 14:48:00,0.5220000000000001,1.606173243100714,,19.611349283634254
2006-12-19 14:49:00,0.42599999999999993,1.606173243100714,,19.68533419473951
2006-12-19 14:50:00,0.3980000000000001,1.606173243100714,,19.759351449859437
2006-12-19 14:51:00,0.388,1.606173243100714,,19.833401113469506
2006-12-19 14:52:00,0.74,1.606173243100714,,19.907483248845335
2006-12-19 14:53:00,1.5300000000000002,1.606173243100714,,19.98159791808367
2006-12-19 14:54:00,1.494,1.606173243100714,,20.055745182123058
2006-12-19 14:55:00,1.4400000000000002,1.606173243100714,,20.129925100764094
2006-12-19 14:56:00,1.406,1.606173243100714,,20.204137732689144
2006-12-19 14:57:00,1.432,1.606173243100714,,20.27838313548177
2006-12-19 14:58:00,1.438,1.606173243100714,,20.352661365645726
2006-12-19 14:59:00,1.436,1.606173243100714,,20.42697247862353
2006-12-19 15:00:00,1.4040000000000001,1.606173243100714,,20.501316528814765
2006-12-19 15:01:00,1.422,1.606173243100714,,20.57569356959388
2006-12-19 15:02:00,1.314,1.606173243100714,,20.650103653327736
2006-12-19 15:03:00,1.326,1.606173243100714,,20.724546831392733
2006-12-19 15:04:00,1.298,1.606173243100714,,20.79902315419167
2006-12-19 15:05:00,1.302,1.606173243100714,,20.873532671170146
2006-12-19 15:06:00,1.292,1.606173243100714,,20.94807543083284
2006-12-19 15:07:00,1.3160000000000003,1.606173243100714,,21.022651480759244
2006-12-19 15:08:00,1.296,1.606173243100714,,21.0972608676192
2006-12-19 15:09:00,1.314,1.606173243100714,,21.171903637188198
2006-12-19 15:10:00,1.364,1.606173243100714,,21.246579834362212
2006-12-19 15:11:00,1.402,1.606173243100714,,21.32128950317239
2006-12-19 15:12:00,1.386,1.606173243100714,,21.396032686799376
2006-12-19 15:13:00,1.41,1.606173243100714,,21.47080942758743
2006-12-19 15:14:00,1.374,1.606173243100714,,21.54561976705821
2006-12-19 15:15:00,1.392,1.606173243100714,,21.620463745924265
2006-12-19 15:16:00,1.376,1.606173243100714,,21.695341404102404
2006-12-19 15:17:00,1.4,1.606173243100714,,21.770252780726647
2006-12-19 15:18:00,1.37,1.606173243100714,,21.845197914161076
2006-12-19 15:19:00,1.378,1.606173243100714,,21.920176842012324
2006-12-19 15:20:00,1.35,1.606173243100714,,21.99518960114187
2006-12-19 15:21:00,1.374,1.606173243100714,,22.07023622767818
2006-12-19 15:22:00,1.368,1.606173243100714,,22.1453167570285
2006-12-19 15:23:00,1.3619999999999999,1.606173243100714,,22.220431223890465
2006-12-19 15:24:00,1.37,1.606173243100714,,22.295579662263577
2006-12-19 15:25:00,1.35,1.606173243100714,,22.37076210546033
2006-12-19 15:26:00,1.462,1.606173243100714,,22.445978586117253
2006-12-19 15:27:00,1.5319999999999998,1.606173243100714,,22.521229136205676
2006-12-19 15:28:00,1.558,1.606173243100714,,22.596513787042316
2006-12-19 15:29:00,1.552,1.606173243100714,,22.671832569299692
2006-12-19 15:30:00,1.5719999999999998,1.606173243100714,,22.747185513016323
2006-12-19 15:31:00,1.548,1.606173243100714,,22.822572647606744
2006-12-19 15:32:00,1.57,1.606173243100714,,22.897994001871314
2006-12-19 15:33:00,1.5459999999999998,1.606173243100714,,22.973449604005957
2006-12-19 15:34:00,1.538,1.606173243100714,,23.048939481611608
2006-12-19 15:35:00,1.45,1.606173243100714,,23.12446366170353
2006-12-19 15:36:00,1.416,1.606173243100714,,23.200022170720395
2006-12-19 15:37:00,1.376,1.606173243100714,,23.275615034533445
2006-12-19 15:38:00,1.394,1.606173243100714,,23.351242278455125
2006-12-19 15:39:00,1.38,1.606173243100714,,23.426903927247885
2006-12-19 15:40:00,1.32,1.606173243100714,,23.502600005132628
2006-12-19 15:41:00,1.294,1.606173243100714,,23.57833053579714
2006-12-19 15:42:00,1.36,1.606173243100714,,23.654095542404228
2006-12-19 15:43:00,1.294,1.606173243100714,,23.72989504759988
2006-12-19 15:44:00,1.376,1.606173243100714,,23.80572907352111
2006-12-19 15:45:00,1.3539999999999999,1.606173243100714,,23.881597641803857
2006-12-19 15:46:00,1.324,1.606173243100714,,23.957500773590557
2006-12-19 15:47:00,1.306,1.606173243100714,,24.033438489537694
2006-12-19 15:48:00,1.31,1.606173243100714,,24.109410809823267
2006-12-19 15:49:00,1.29,1.606173243100714,,24.18541775415394
2006-12-19 15:50:00,1.306,1.606173243100714,,24.261459341772255
2006-12-19 15:51:00,1.27,1.606173243100714,,24.337535591463727
2006-12-19 15:52:00,1.298,1.606173243100714,,24.413646521563564
2006-12-19 15:53:00,1.2800000000000002,1.606173243100714,,24.489792149963648
2006-12-19 15:54:00,1.276,1.606173243100714,,24.565972494119038
2006-12-19 15:55:00,1.302,1.606173243100714,,24.642187571054674
2006-12-19 15:56:00,1.292,1.606173243100714,,24.718437397371694
2006-12-19 15:57:00,1.306,1.606173243100714,,24.79472198925393
2006-12-19 15:58:00,1.282,1.606173243100714,,24.87104136247391
2006-12-19 15:59:00,1.284,1.606173243100714,,24.947395532399234
2006-12-19 16:00:00,1.268,1.606173243100714,,25.023784513998418
2006-12-19 16:01:00,1.292,1.606173243100714,,25.10020832184691
2006-12-19 16:02:00,1.274,1.606173243100714,,25.176666970132874
2006-12-19 16:03:00,1.292,1.606173243100714,,25.253160472662945
2006-12-19 16:04:00,1.314,1.606173243100714,,25.329688842867867
2006-12-19 16:05:00,1.3839999999999997,1.606173243100714,,25.40625209380803
2006-12-19 16:06:00,1.358,1.606173243100714,,25.482850238178862
2006-12-19 16:07:00,1.374,1.606173243100714,,25.55948328831627
2006-12-19 16:08:00,1.394,1.606173243100714,,25.636151256201934
2006-12-19 16:09:00,1.426,1.606173243100714,,25.712854153468367
2006-12-19 16:10:00,1.424,1.606173243100714,,25.789591991404144
2006-12-19 16:11:00,1.552,1.606173243100714,,25.86636478095892
2006-12-19 16:12:00,1.5440000000000003,1.606173243100714,,25.943172532748207
2006-12-19 16:13:00,1.5500000000000003,1.606173243100714,,26.020015257058482
2006-12-19 16:14:00,1.5300000000000002,1.606173243100714,,26.096892963851786
2006-12-19 16:15:00,1.54,1.606173243100714,,26.173805662770512
2006-12-19 16:16:00,1.512,1.606173243100714,,26.250753363141914
2006-12-19 16:17:00,1.504,1.606173243100714,,26.327736073982884
2006-12-19 16:18:00,1.5300000000000002,1.606173243100714,,26.404753804004255
2006-12-19 16:19:00,1.692,1.606173243100714,,26.481806561615244
2006-12-19 16:20:00,1.448,1.606173243100714,,26.558894354927855
2006-12-19 16:21:00,1.504,1.606173243100714,,26.63601719176107
2006-12-19 16:22:00,1.622,1.606173243100714,,26.713175079645158
2006-12-19 16:23:00,1.6120000000000003,1.606173243100714,,26.7903680258257
2006-12-19 16:24:00,1.446,1.606173243100714,,26.867596037267752
2006-12-19 16:25:00,1.432,1.606173243100714,,26.944859120659824
2006-12-19 16:26:00,1.446,1.606173243100714,,27.0221572824178
2006-12-19 16:27:00,1.422,1.606173243100714,,27.099490528688857
2006-12-19 16:28:00,1.436,1.606173243100714,,27.17685886535533
2006-12-19 16:29:00,1.562,1.606173243100714,,27.254262298038416
2006-12-19 16:30:00,1.5599999999999998,1.606173243100714,,27.331700832101887
2006-12-19 16:31:00,1.692,1.606173243100714,,27.409174472655767
2006-12-19 16:32:00,1.988,1.606173243100714,,27.48668322455992
2006-12-19 16:33:00,2.2740000000000005,1.606173243100714,,27.5642270924276
2006-12-19 16:34:00,2.2920000000000003,1.606173243100714,,27.64180608062893
2006-12-19 16:35:00,2.2680000000000002,1.606173243100714,,27.719420193294315
2006-12-19 16:36:00,2.2940000000000005,1.606173243100714,,27.79706943431781
2006-12-19 16:37:00,2.2640000000000002,1.606173243100714,,27.874753807360566
2006-12-19 16:38:00,2.276,1.606173243100714,,27.952473315853915
2006-12-19 16:39:00,2.2580000000000005,1.606173243100714,,28.03022796300282
2006-12-19 16:40:00,2.276,1.606173243100714,,28.10801775178884
2006-12-19 16:41:00,2.2640000000000002,1.606173243100714,,28.185842684973366
2006-12-19 16:42:00,2.332,1.606173243100714,,28.263702765100785
2006-12-19 16:43:00,2.276,1.606173243100714,,28.3415979945014
2006-12-19 16:44:00,2.112,1.606173243100714,,28.419528375294405
2006-12-19 16:45:00,2.1,1.606173243100714,,28.497493909390915
2006-12-19 16:46:00,2.146,1.606173243100714,,28.575494598496885
2006-12-19 16:47:00,2.0899999999999994,1.606173243100714,,28.653530444115876
2006-12-19 16:48:00,3.036,1.606173243100714,,28.73160144755196
2006-12-19 16:49:00,3.588,1.606173243100714,,28.809707609912447
2006-12-19 16:50:00,3.704,1.606173243100714,,28.88784893211062
2006-12-19 16:51:00,3.628,1.606173243100714,,28.96602541486851
2006-12-19 16:52:00,3.628,1.606173243100714,,29.044237058719443
2006-12-19 16:53:00,3.6240000000000006,1.606173243100714,,29.122483864010725
2006-12-19 16:54:00,3.726,1.606173243100714,,29.200765830906118
2006-12-19 16:55:00,3.761999999999999,1.606173243100714,,29.27908295938864
2006-12-19 16:56:00,3.9959999999999987,1.606173243100714,,29.357435249262704
2006-12-19 16:57:00,3.798,1.606173243100714,,29.435822700156894
2006-12-19 16:58:00,3.904,1.606173243100714,,29.514245311526203
2006-12-19 16:59:00,3.85,1.606173243100714,,29.592703082654587
2006-12-19 17:00:00,2.36,1.606173243100714,,29.671196012657184
2006-12-19 17:01:00,2.3060000000000005,1.606173243100714,,29.749724100482684
2006-12-19 17:02:00,2.2920000000000003,1.606173243100714,,29.828287344915687
2006-12-19 17:03:00,2.3220000000000005,1.606173243100714,,29.906885744578915
2006-12-19 17:04:00,2.352,1.606173243100714,,29.98551929793538
2006-12-19 17:05:00,2.448,1.606173243100714,,30.06418800329071
2006-12-19 17:06:00,2.502,1.606173243100714,,30.14289185879521
2006-12-19 17:07:00,2.368,1.606173243100714,,30.22163086244611
2006-12-19 17:08:00,2.542,1.606173243100714,,30.3004050120894
2006-12-19 17:09:00,2.8140000000000005,1.606173243100714,,30.37921430542237
2006-12-19 17:10:00,2.8219999999999996,1.606173243100714,,30.458058739995128
2006-12-19 17:11:00,2.918,1.606173243100714,,30.536938313213035
2006-12-19 17:12:00,2.6380000000000003,1.606173243100714,,30.615853022338488
2006-12-19 17:13:00,2.7440000000000007,1.606173243100714,,30.694802864492864
2006-12-19 17:14:00,2.733999999999999,1.606173243100714,,30.773787836658556
2006-12-19 17:15:00,2.764,1.606173243100714,,30.852807935680808
2006-12-19 17:16:00,2.6560000000000006,1.606173243100714,,30.93186315826965
2006-12-19 17:17:00,2.6940000000000004,1.606173243100714,,31.010953501001648
2006-12-19 17:18:00,3.6960000000000006,1.606173243100714,,31.09007896032186
2006-12-19 17:19:00,2.948,1.606173243100714,,31.16923953254553
2006-12-19 17:20:00,2.654,1.606173243100714,,31.24843521385988
2006-12-19 17:21:00,2.364,1.606173243100714,,31.327666000325998
2006-12-19 17:22:00,2.248,1.606173243100714,,31.406931887880308
2006-12-19 17:23:00,2.068,1.606173243100714,,31.486232872336494
2006-12-19 17:24:00,1.6120000000000003,1.606173243100714,,31.565568949387107
2006-12-19 17:25:00,1.988,1.606173243100714,,31.644940114605184
2006-12-19 17:26:00,1.8720000000000003,1.606173243100714,,31.72434636344592
2006-12-19 17:27:00,1.818,1.606173243100714,,31.803787691248335
2006-12-19 17:28:00,1.8420000000000003,1.606173243100714,,31.883264093236647
2006-12-19 17:29:00,2.242,1.606173243100714,,31.96277556452212
2006-12-19 17:30:00,2.2940000000000005,1.606173243100714,,32.04232210010447
2006-12-19 17:31:00,2.2820000000000005,1.606173243100714,,32.121903694873325
2006-12-19 17:32:00,2.138,1.606173243100714,,32.20152034360992
2006-12-19 17:33:00,2.126,1.606173243100714,,32.28117204098835
2006-12-19 17:34:00,2.112,1.606173243100714,,32.36085878157717
2006-12-19 17:35:00,2.034,1.606173243100714,,32.4405805598409
2006-12-19 17:36:00,2.04,1.606173243100714,,32.52033737014126
2006-12-19 17:37:00,2.0039999999999996,1.606173243100714,,32.600129206738735
2006-12-19 17:38:00,2.088,1.606173243100714,,32.67995606379388
2006-12-19 17:39:00,2.11,1.606173243100714,,32.75981793536872
2006-12-19 17:40:00,1.9439999999999997,1.606173243100714,,32.8397148154281
2006-12-19 17:41:00,1.92,1.606173243100714,,32.919646697841024
2006-12-19 17:42:00,1.928,1.606173243100714,,32.9996135763819
2006-12-19 17:43:00,1.93,1.606173243100714,,33.07961544473189
2006-12-19 17:44:00,1.906,1.606173243100714,,33.15965229648027
2006-12-19 17:45:00,1.802,1.606173243100714,,33.23972412512548
2006-12-19 17:46:00,1.824,1.606173243100714,,33.319830924076555
2006-12-19 17:47:00,1.844,1.606173243100714,,33.399972686654294
2006-12-19 17:48:00,1.8499999999999999,1.606173243100714,,33.4801494060925
2006-12-19 17:49:00,1.836,1.606173243100714,,33.56036107553904
2006-12-19 17:50:00,1.854,1.606173243100714,,33.64060768805727
2006-12-19 17:51:00,1.8280000000000003,1.606173243100714,,33.72088923662692
2006-12-19 17:52:00,1.8480000000000003,1.606173243100714,,33.801205714145446
2006-12-19 17:53:00,1.836,1.606173243100714,,33.88155711342916
2006-12-19 17:54:00,1.854,1.606173243100714,,33.96194342721417
2006-12-19 17:55:00,1.854,1.606173243100714,,34.042364648157644
2006-12-19 17:56:00,1.834,1.606173243100714,,34.1228207688389
2006-12-19 17:57:00,1.886,1.606173243100714,,34.2033117817604
2006-12-19 17:58:00,1.862,1.606173243100714,,34.28383767934886
2006-12-19 17:59:00,1.9859999999999995,1.606173243100714,,34.364398453956284
2006-12-19 18:00:00,1.9700000000000002,1.606173243100714,,34.44499409786099
2006-12-19 18:01:00,1.9700000000000002,1.606173243100714,,34.52562460326871
2006-12-19 18:02:00,1.952,1.606173243100714,,34.60628996231337
2006-12-19 18:03:00,1.99,1.606173243100714,,34.68699016705846
2006-12-19 18:04:00,2.046,1.606173243100714,,34.76772520949765
2006-12-19 18:05:00,1.956,1.606173243100714,,34.84849508155597
2006-12-19 18:06:00,1.8420000000000003,1.606173243100714,,34.92929977509067
2006-12-19 18:07:00,2.38,1.606173243100714,,35.01013928189223
2006-12-19 18:08:00,2.072,1.606173243100714,,35.09101359368521
2006-12-19 18:09:00,2.0539999999999994,1.606173243100714,,35.17192270212932
2006-12-19 18:10:00,1.548,1.606173243100714,,35.25286659882016
2006-12-19 18:11:00,1.4759999999999998,1.606173243100714,,35.33384527529017
2006-12-19 18:12:00,1.356,1.606173243100714,,35.41485872300961
2006-12-19 18:13:00,1.3980000000000001,1.606173243100714,,35.49590693338727
2006-12-19 18:14:00,1.3539999999999999,1.606173243100714,,35.576989897771476
2006-12-19 18:15:00,1.374,1.606173243100714,,35.65810760745082
2006-12-19 18:16:00,1.3619999999999999,1.606173243100714,,35.73926005365515
2006-12-19 18:17:00,1.35,1.606173243100714,,35.82044722755626
2006-12-19 18:18:00,1.338,1.606173243100714,,35.90166912026881
2006-12-19 18:19:00,1.34,1.606173243100714,,35.982925722851
2006-12-19 18:20:00,1.368,1.606173243100714,,36.06421702630557
2006-12-19 18:21:00,2.048,1.606173243100714,,36.145543021580416
2006-12-19 18:22:00,2.4099999999999993,1.606173243100714,,36.22690369956939
2006-12-19 18:23:00,2.218,1.606173243100714,,36.308299051113266
2006-12-19 18:24:00,2.36,1.606173243100714,,36.38972906700017
2006-12-19 18:25:00,2.364,1.606173243100714,,36.471193737966594
2006-12-19 18:26:00,2.36,1.606173243100714,,36.55269305469808
2006-12-19 18:27:00,2.37,1.606173243100714,,36.63422700782977
2006-12-19 18:28:00,2.38,1.606173243100714,,36.71579558794744
2006-12-19 18:29:00,2.356,1.606173243100714,,36.79739878558801
2006-12-19 18:30:00,2.354,1.606173243100714,,36.87903659124026
2006-12-19 18:31:00,2.364,1.606173243100714,,36.960708995345506
2006-12-19 18:32:00,2.368,1.606173243100714,,37.04241598829844
2006-12-19 18:33:00,2.364,1.606173243100714,,37.12415756044766
2006-12-19 18:34:00,2.362,1.606173243100714,,37.20593370209634
2006-12-19 18:35:00,2.374,1.606173243100714,,37.28774440350298
2006-12-19 18:36:00,2.3719999999999994,1.606173243100714,,37.369589654882034
2006-12-19 18:37:00,2.4859999999999998,1.606173243100714,,37.451469446404516
2006-12-19 18:38:00,2.4980000000000007,1.606173243100714,,37.53338376819861
2006-12-19 18:39:00,1.888,1.606173243100714,,37.615332610350414
2006-12-19 18:40:00,1.5440000000000003,1.606173243100714,,37.697315962904455
2006-12-19 18:41:00,1.528,1.606173243100714,,37.77933381586439
2006-12-19 18:42:00,1.488,1.606173243100714,,37.86138615919349
2006-12-19 18:43:00,1.336,1.606173243100714,,37.943472982815365
2006-12-19 18:44:00,1.34,1.606173243100714,,38.0255942766145
2006-12-19 18:45:00,1.344,1.606173243100714,,38.107750030436875
2006-12-19 18:46:00,1.3319999999999999,1.606173243100714,,38.189940234090436
2006-12-19 18:47:00,1.336,1.606173243100714,,38.27216487734576
2006-12-19 18:48:00,1.342,1.606173243100714,,38.35442394993668
2006-12-19 18:49:00,1.34,1.606173243100714,,38.43671744156066
2006-12-19 18:50:00,1.344,1.606173243100714,,38.5190453418795
2006-12-19 18:51:00,1.416,1.606173243100714,,38.60140764051985
2006-12-19 18:52:00,1.42,1.606173243100714,,38.683804327073624
2006-12-19 18:53:00,1.2800000000000002,1.606173243100714,,38.766235391098725
2006-12-19 18:54:00,1.278,1.606173243100714,,38.84870082211938
2006-12-19 18:55:00,1.6880000000000002,1.606173243100714,,38.93120060962693
2006-12-19 18:56:00,1.9480000000000002,1.606173243100714,,39.01373474307987
2006-12-19 18:57:00,1.9839999999999998,1.606173243100714,,39.09630321190484
2006-12-19 18:58:00,2.324,1.606173243100714,,39.178906005496934
2006-12-19 18:59:00,2.122,1.606173243100714,,39.26154311322008
2006-12-19 19:00:00,1.9040000000000001,1.606173243100714,,39.34421452440771
2006-12-19 19:01:00,2.144,1.606173243100714,,39.42692022836312
2006-12-19 19:02:00,2.1660000000000004,1.606173243100714,,39.50966021436
2006-12-19 19:03:00,2.0039999999999996,1.606173243100714,,39.59243447164285
2006-12-19 19:04:00,1.8980000000000001,1.606173243100714,,39.675242989427566
2006-12-19 19:05:00,1.626,1.606173243100714,,39.75808575690177
2006-12-19 19:06:00,1.784,1.606173243100714,,39.84096276322527
2006-12-19 19:07:00,3.466,1.606173243100714,,39.923873997530535
2006-12-19 19:08:00,2.922,1.606173243100714,,40.00681944892329
2006-12-19 19:09:00,3.324,1.606173243100714,,40.08979910648259
2006-12-19 19:10:00,2.5100000000000002,1.606173243100714,,40.172812959261655
2006-12-19 19:11:00,2.714,1.606173243100714,,40.255860996288014
2006-12-19 19:12:00,2.7880000000000007,1.606173243100714,,40.338943206563975
2006-12-19 19:13:00,3.366,1.606173243100714,,40.42205957906725
2006-12-19 19:14:00,3.5320000000000005,1.606173243100714,,40.505210102751114
2006-12-19 19:15:00,4.144000000000001,1.606173243100714,,40.58839476654478
2006-12-19 19:16:00,4.1419999999999995,1.606173243100714,,40.67161355935413
2006-12-19 19:17:00,4.185999999999999,1.606173243100714,,40.75486647006178
2006-12-19 19:18:00,5.341999999999999,1.606173243100714,,40.838153487527606
2006-12-19 19:19:00,5.586,1.606173243100714,,40.92147460058907
2006-12-19 19:20:00,4.166000000000001,1.606173243100714,,41.00482979806184
2006-12-19 19:21:00,4.216,1.606173243100714,,41.088219068739775
2006-12-19 19:22:00,3.2659999999999996,1.606173243100714,,41.17164240139558
2006-12-19 19:23:00,4.258,1.606173243100714,,41.25509978478109
2006-12-19 19:24:00,5.1499999999999995,1.606173243100714,,41.33859120762768
2006-12-19 19:25:00,4.038,1.606173243100714,,41.4221166586465
2006-12-19 19:26:00,2.7600000000000002,1.606173243100714,,41.505676126529
2006-12-19 19:27:00,4.411999999999999,1.606173243100714,,41.58926959994721
2006-12-19 19:28:00,4.126,1.606173243100714,,41.67289706755393
2006-12-19 19:29:00,3.322,1.606173243100714,,41.75655851798346
2006-12-19 19:30:00,3.356,1.606173243100714,,41.84025393985152
2006-12-19 19:31:00,3.8379999999999996,1.606173243100714,,41.92398332175578
2006-12-19 19:32:00,3.1819999999999995,1.606173243100714,,42.007746652276296
2006-12-19 19:33:00,3.54,1.606173243100714,,42.0915439199756
2006-12-19 19:34:00,2.078,1.606173243100714,,42.17537511339916
2006-12-19 19:35:00,2.4900000000000007,1.606173243100714,,42.25924022107579
2006-12-19 19:36:00,2.764,1.606173243100714,,42.343139231517746
2006-12-19 19:37:00,1.798,1.606173243100714,,42.427072133221124
2006-12-19 19:38:00,3.0040000000000004,1.606173243100714,,42.51103891466638
2006-12-19 19:39:00,2.17,1.606173243100714,,42.59503956431827
2006-12-19 19:40:00,2.4119999999999995,1.606173243100714,,42.67907407062642
2006-12-19 19:41:00,2.749999999999999,1.606173243100714,,42.76314242202551
2006-12-19 19:42:00,1.834,1.606173243100714,,42.84724460693564
2006-12-19 19:43:00,2.936000000000001,1.606173243100714,,42.93138061376253
2006-12-19 19:44:00,1.9919999999999998,1.606173243100714,,43.0155504308979
2006-12-19 19:45:00,2.4200000000000004,1.606173243100714,,43.09975404671968
2006-12-19 19:46:00,2.5100000000000002,1.606173243100714,,43.183991449592334
2006-12-19 19:47:00,1.9040000000000001,1.606173243100714,,43.26826262786713
2006-12-19 19:48:00,2.92,1.606173243100714,,43.35256756988245
2006-12-19 19:49:00,1.7239999999999998,1.606173243100714,,43.43690626396395
2006-12-19 19:50:00,2.686,1.606173243100714,,43.52127869842494
2006-12-19 19:51:00,2.182,1.606173243100714,,43.6056848615666
2006-12-19 19:52:00,2.214,1.606173243100714,,43.6901247416783
2006-12-19 19:53:00,2.712,1.606173243100714,,43.77459832703775
2006-12-19 19:54:00,1.8480000000000003,1.606173243100714,,43.85910560591133
2006-12-19 19:55:00,2.986,1.606173243100714,,43.94364656655443
2006-12-19 19:56:00,1.958,1.606173243100714,,44.02822119721141
2006-12-19 19:57:00,2.508,1.606173243100714,,44.11282948611623
2006-12-19 19:58:00,2.4099999999999993,1.606173243100714,,44.197471421492374
2006-12-19 19:59:00,2.044,1.606173243100714,,44.28214699155329
2006-12-19 20:00:00,2.8440000000000003,1.606173243100714,,44.36685618450257
2006-12-19 20:01:00,1.71,1.606173243100714,,44.451598988534116
2006-12-19 20:02:00,2.7920000000000003,1.606173243100714,,44.536375391832415
2006-12-19 20:03:00,1.9919999999999998,1.606173243100714,,44.62118538257298
2006-12-19 20:04:00,2.43,1.606173243100714,,44.70602894892208
2006-12-19 20:05:00,2.354,1.606173243100714,,44.790906079037526
2006-12-19 20:06:00,2.036,1.606173243100714,,44.87581676106854
2006-12-19 20:07:00,2.736,1.606173243100714,,44.96076098315609
2006-12-19 20:08:00,1.6,1.606173243100714,,45.045738733433055
2006-12-19 20:09:00,2.712,1.606173243100714,,45.13075000002449
2006-12-19 20:10:00,1.928,1.606173243100714,,45.21579477104787
2006-12-19 20:11:00,2.2999999999999994,1.606173243100714,,45.300873034613225
2006-12-19 20:12:00,2.368,1.606173243100714,,45.385984778823385
2006-12-19 20:13:00,1.818,1.606173243100714,,45.47112999177415
2006-12-19 20:14:00,2.796,1.606173243100714,,45.55630866155454
2006-12-19 20:15:00,1.906,1.606173243100714,,45.64152077624695
2006-12-19 20:16:00,2.4360000000000004,1.606173243100714,,45.7267663239275
2006-12-19 20:17:00,2.4719999999999995,1.606173243100714,,45.8120452926659
2006-12-19 20:18:00,1.812,1.606173243100714,,45.89735767052605
2006-12-19 20:19:00,2.5820000000000003,1.606173243100714,,45.98270344556583
2006-12-19 20:20:00,1.096,1.606173243100714,,46.068082605837674
2006-12-19 20:21:00,1.304,1.606173243100714,,46.153495139388475
2006-12-19 20:22:00,2.144,1.606173243100714,,46.23894103425989
2006-12-19 20:23:00,2.2999999999999994,1.606173243100714,,46.32442027848851
2006-12-19 20:24:00,2.3300000000000005,1.606173243100714,,46.40993286010598
2006-12-19 20:25:00,0.804,1.606173243100714,,46.49547876713935
2006-12-19 20:26:00,1.52,1.606173243100714,,46.58105798761097
2006-12-19 20:27:00,1.976,1.606173243100714,,46.666670509538925
2006-12-19 20:28:00,2.7740000000000005,1.606173243100714,,46.75231632093708
2006-12-19 20:29:00,0.964,1.606173243100714,,46.83799540981535
2006-12-19 20:30:00,0.828,1.606173243100714,,46.923707764179625
2006-12-19 20:31:00,0.838,1.606173243100714,,47.00945337203231
2006-12-19 20:32:00,0.932,1.606173243100714,,47.095232221372115
2006-12-19 20:33:00,0.888,1.606173243100714,,47.18104430019451
2006-12-19 20:34:00,0.916,1.606173243100714,,47.2668895964917
2006-12-19 20:35:00,0.884,1.606173243100714,,47.35276809825291
2006-12-19 20:36:00,0.914,1.606173243100714,,47.43867979346436
2006-12-19 20:37:00,0.734,1.606173243100714,,47.52462467010972
2006-12-19 20:38:00,0.704,1.606173243100714,,47.61060271616996
2006-12-19 20:39:00,0.728,1.606173243100714,,47.6966139196236
2006-12-19 20:40:00,0.72,1.606173243100714,,47.78265826844706
2006-12-19 20:41:00,0.716,1.606173243100714,,47.868735750614405
2006-12-19 20:42:00,0.722,1.606173243100714,,47.954846354097896
2006-12-19 20:43:00,0.698,1.606173243100714,,48.04099006686791
2006-12-19 20:44:00,0.72,1.606173243100714,,48.127166876893185
2006-12-19 20:45:00,0.664,1.606173243100714,,48.213376772140755
2006-12-19 20:46:00,0.6279999999999999,1.606173243100714,,48.299619740576375
2006-12-19 20:47:00,0.616,1.606173243100714,,48.38589577016455
2006-12-19 20:48:00,0.6279999999999999,1.606173243100714,,48.47220484886858
2006-12-19 20:49:00,0.606,1.606173243100714,,48.55854696465084
2006-12-19 20:50:00,0.622,1.606173243100714,,48.64492210547274
2006-12-19 20:51:00,0.604,1.606173243100714,,48.73133025929501
2006-12-19 20:52:00,0.616,1.606173243100714,,48.817771414077825
2006-12-19 20:53:00,0.602,1.606173243100714,,48.90424555778086
2006-12-19 20:54:00,0.616,1.606173243100714,,48.99075267836335
2006-12-19 20:55:00,0.6320000000000001,1.606173243100714,,49.0772927637845
2006-12-19 20:56:00,0.7,1.606173243100714,,49.16386580200323
2006-12-19 20:57:00,0.882,1.606173243100714,,49.25047178097861
2006-12-19 20:58:00,1.932,1.606173243100714,,49.33711068866982
2006-12-19 20:59:00,1.446,1.606173243100714,,49.42378251303633
2006-12-19 21:00:00,1.346,1.606173243100714,,49.51048724203798
2006-12-19 21:01:00,0.968,1.606173243100714,,49.5972248636351
2006-12-19 21:02:00,0.986,1.606173243100714,,49.68399536578864
2006-12-19 21:03:00,0.964,1.606173243100714,,49.770798736460385
2006-12-19 21:04:00,1.012,1.606173243100714,,49.85763496361294
2006-12-19 21:05:00,0.994,1.606173243100714,,49.944504035209654
2006-12-19 21:06:00,0.988,1.606173243100714,,50.03140593921531
2006-12-19 21:07:00,0.97,1.606173243100714,,50.11834066359565
2006-12-19 21:08:00,1.102,1.606173243100714,,50.20530819631772
2006-12-19 21:09:00,0.7659999999999999,1.606173243100714,,50.29230852535003
2006-12-19 21:10:00,0.81,1.606173243100714,,50.37934163866255
2006-12-19 21:11:00,0.802,1.606173243100714,,50.466407524226916
2006-12-19 21:12:00,0.794,1.606173243100714,,50.55350617001642
2006-12-19 21:13:00,0.806,1.606173243100714,,50.64063756400616
2006-12-19 21:14:00,0.786,1.606173243100714,,50.727801694173245
2006-12-19 21:15:00,0.804,1.606173243100714,,50.81499854849666
2006-12-19 21:16:00,0.884,1.606173243100714,,50.902228114957566
2006-12-19 21:17:00,0.884,1.606173243100714,,50.98949038153945
2006-12-19 21:18:00,0.866,1.606173243100714,,51.076785336227964
2006-12-19 21:19:00,0.882,1.606173243100714,,51.1641129670112
2006-12-19 21:20:00,0.86,1.606173243100714,,51.25147326187969
2006-12-19 21:21:00,0.858,1.606173243100714,,51.33886620882672
2006-12-19 21:22:00,0.826,1.606173243100714,,51.42629179584813
2006-12-19 21:23:00,0.81,1.606173243100714,,51.51375001094252
2006-12-19 21:24:00,0.714,1.606173243100714,,51.60124084211139
2006-12-19 21:25:00,0.736,1.606173243100714,,51.68876427735929
2006-12-19 21:26:00,0.716,1.606173243100714,,51.77632030469357
2006-12-19 21:27:00,0.734,1.606173243100714,,51.86390891212499
2006-12-19 21:28:00,0.714,1.606173243100714,,51.95153008766728
2006-12-19 21:29:00,0.728,1.606173243100714,,52.039183819337616
2006-12-19 21:30:00,0.706,1.606173243100714,,52.12687009515645
2006-12-19 21:31:00,0.724,1.606173243100714,,52.214588903147856
2006-12-19 21:32:00,0.698,1.606173243100714,,52.30234023133919
2006-12-19 21:33:00,0.752,1.606173243100714,,52.3901240677617
2006-12-19 21:34:00,0.768,1.606173243100714,,52.477940400450144
2006-12-19 21:35:00,0.618,1.606173243100714,,52.56578921744322
2006-12-19 21:36:00,0.584,1.606173243100714,,52.65367050678333
2006-12-19 21:37:00,0.718,1.606173243100714,,52.74158425651691
2006-12-19 21:38:00,0.716,1.606173243100714,,52.829530454694414
2006-12-19 21:39:00,0.714,1.606173243100714,,52.917509089370306
2006-12-19 21:40:00,0.714,1.606173243100714,,53.00552014860328
2006-12-19 21:41:00,0.686,1.606173243100714,,53.09356362045621
2006-12-19 21:42:00,0.65,1.606173243100714,,53.181639492996354
2006-12-19 21:43:00,0.602,1.606173243100714,,53.26974775429533
2006-12-19 21:44:00,0.524,1.606173243100714,,53.35788839242909
2006-12-19 21:45:00,0.376,1.606173243100714,,53.446061395478246
2006-12-19 21:46:00,0.3960000000000001,1.606173243100714,,53.53426675152792
2006-12-19 21:47:00,0.37200000000000005,1.606173243100714,,53.622504448667904
2006-12-19 21:48:00,0.48,1.606173243100714,,53.71077447499275
2006-12-19 21:49:00,0.484,1.606173243100714,,53.799076818601755
2006-12-19 21:50:00,0.4979999999999999,1.606173243100714,,53.88741146759911
2006-12-19 21:51:00,0.478,1.606173243100714,,53.975778410093845
2006-12-19 21:52:00,0.494,1.606173243100714,,54.06417763420002
2006-12-19 21:53:00,0.478,1.606173243100714,,54.15260912803685
2006-12-19 21:54:00,0.494,1.606173243100714,,54.24107287972849
2006-12-19 21:55:00,0.47599999999999987,1.606173243100714,,54.329568877404306
2006-12-19 21:56:00,0.4979999999999999,1.606173243100714,,54.41809710919898
2006-12-19 21:57:00,0.458,1.606173243100714,,54.506657563252396
2006-12-19 21:58:00,0.478,1.606173243100714,,54.59525022770985
2006-12-19 21:59:00,0.45599999999999996,1.606173243100714,,54.68387509072196
2006-12-19 22:00:00,0.468,1.606173243100714,,54.77253214044499
2006-12-19 22:01:00,0.4499999999999999,1.606173243100714,,54.86122136504043
2006-12-19 22:02:00,0.39,1.606173243100714,,54.94994275267571
2006-12-19 22:03:00,0.35400000000000015,1.606173243100714,,55.03869629152363
2006-12-19 22:04:00,0.37200000000000005,1.606173243100714,,55.12748196976283
2006-12-19 22:05:00,0.362,1.606173243100714,,55.21629977557759
2006-12-19 22:06:00,0.362,1.606173243100714,,55.30514969715811
2006-12-19 22:07:00,0.37200000000000005,1.606173243100714,,55.394031722700255
2006-12-19 22:08:00,0.35400000000000015,1.606173243100714,,55.48294584040604
2006-12-19 22:09:00,0.37200000000000005,1.606173243100714,,55.571892038483284
2006-12-19 22:10:00,0.35400000000000015,1.606173243100714,,55.66087030514587
2006-12-19 22:11:00,0.3980000000000001,1.606173243100714,,55.749880628613646
2006-12-19 22:12:00,0.434,1.606173243100714,,55.838922997112704
2006-12-19 22:13:00,0.45399999999999996,1.606173243100714,,55.92799739887529
2006-12-19 22:14:00,0.386,1.606173243100714,,56.017103822139745
2006-12-19 22:15:00,0.39200000000000007,1.606173243100714,,56.10624225515066
2006-12-19 22:16:00,0.37,1.606173243100714,,56.195412686159116
2006-12-19 22:17:00,0.386,1.606173243100714,,56.28461510342242
2006-12-19 22:18:00,0.36599999999999994,1.606173243100714,,56.37384949520419
2006-12-19 22:19:00,0.386,1.606173243100714,,56.46311584977469
2006-12-19 22:20:00,0.36800000000000005,1.606173243100714,,56.55241415541052
2006-12-19 22:21:00,0.3400000000000001,1.606173243100714,,56.641744400394764
2006-12-19 22:22:00,0.32400000000000007,1.606173243100714,,56.73110657301727
2006-12-19 22:23:00,0.3820000000000001,1.606173243100714,,56.820500661574414
2006-12-19 22:24:00,0.298,1.606173243100714,,56.909926654369265
2006-12-19 22:25:00,0.314,1.606173243100714,,56.99938453971138
2006-12-19 22:26:00,0.3380000000000001,1.606173243100714,,57.088874305917365
2006-12-19 22:27:00,0.428,1.606173243100714,,57.17839594131053
2006-12-19 22:28:00,0.406,1.606173243100714,,57.26794943422088
2006-12-19 22:29:00,0.422,1.606173243100714,,57.3575347729854
2006-12-19 22:30:00,0.4,1.606173243100714,,57.44715194594793
2006-12-19 22:31:00,0.4179999999999998,1.606173243100714,,57.53680094145944
2006-12-19 22:32:00,0.3980000000000001,1.606173243100714,,57.62648174787757
2006-12-19 22:33:00,0.414,1.606173243100714,,57.71619435356716
2006-12-19 22:34:00,0.3960000000000001,1.606173243100714,,57.805938746900146
2006-12-19 22:35:00,0.41599999999999987,1.606173243100714,,57.89571491625545
2006-12-19 22:36:00,0.408,1.606173243100714,,57.98552285001925
2006-12-19 22:37:00,0.4,1.606173243100714,,58.075362536584784
2006-12-19 22:38:00,0.414,1.606173243100714,,58.16523396435253
2006-12-19 22:39:00,0.3960000000000001,1.606173243100714,,58.25513712173038
2006-12-19 22:40:00,0.36800000000000005,1.606173243100714,,58.345071997133125
2006-12-19 22:41:00,0.298,1.606173243100714,,58.435038578983104
2006-12-19 22:42:00,0.3180000000000001,1.606173243100714,,58.52503685571003
2006-12-19 22:43:00,0.3,1.606173243100714,,58.61506681575099
2006-12-19 22:44:00,0.3180000000000001,1.606173243100714,,58.70512844755035
2006-12-19 22:45:00,0.3,1.606173243100714,,58.79522173955997
2006-12-19 22:46:00,0.32,1.606173243100714,,58.88534668023925
2006-12-19 22:47:00,0.30200000000000005,1.606173243100714,,58.975503258054985
2006-12-19 22:48:00,0.31199999999999994,1.606173243100714,,59.06569146148162
2006-12-19 22:49:00,0.29200000000000004,1.606173243100714,,59.15591127900112
2006-12-19 22:50:00,0.36599999999999994,1.606173243100714,,59.24616269910305
2006-12-19 22:51:00,0.37200000000000005,1.606173243100714,,59.33644571028444
2006-12-19 22:52:00,0.394,1.606173243100714,,59.426760301050265
2006-12-19 22:53:00,0.376,1.606173243100714,,59.51710645991305
2006-12-19 22:54:00,0.39200000000000007,1.606173243100714,,59.60748417539289
2006-12-19 22:55:00,0.3740000000000001,1.606173243100714,,59.6978934360178
2006-12-19 22:56:00,0.576,1.606173243100714,,59.78833423032363
2006-12-19 22:57:00,0.5599999999999999,1.606173243100714,,59.87880654685374
2006-12-19 22:58:00,0.574,1.606173243100714,,59.96931037415949
2006-12-19 22:59:00,0.44799999999999995,1.606173243100714,,60.05984570080022
2006-12-19 23:00:00,0.824,1.606173243100714,,60.150412515342815
2006-12-19 23:01:00,0.958,1.606173243100714,,60.24101080636241
2006-12-19 23:02:00,0.974,1.606173243100714,,60.33164056244172
2006-12-19 23:03:00,0.958,1.606173243100714,,60.4223017721717
2006-12-19 23:04:00,0.976,1.606173243100714,,60.51299442415115
2006-12-19 23:05:00,1.07,1.606173243100714,,60.60371850698689
2006-12-19 23:06:00,1.076,1.606173243100714,,60.69447400929366
2006-12-19 23:07:00,1.06,1.606173243100714,,60.785260919694416
2006-12-19 23:08:00,0.898,1.606173243100714,,60.8760792268201
2006-12-19 23:09:00,0.968,1.606173243100714,,60.96692891930978
2006-12-19 23:10:00,1.052,1.606173243100714,,61.05780998581053
2006-12-19 23:11:00,0.952,1.606173243100714,,61.148722414977634
2006-12-19 23:12:00,0.41599999999999987,1.606173243100714,,61.23966619547473
2006-12-19 23:13:00,0.5259999999999999,1.606173243100714,,61.3306413159731
2006-12-19 23:14:00,0.406,1.606173243100714,,61.421647765152905
2006-12-19 23:15:00,0.42599999999999993,1.606173243100714,,61.512685531702026
2006-12-19 23:16:00,0.408,1.606173243100714,,61.60375460431669
2006-12-19 23:17:00,0.36,1.606173243100714,,61.694854971701574
2006-12-19 23:18:00,0.27799999999999997,1.606173243100714,,61.78598662256947
2006-12-19 23:19:00,0.22800000000000006,1.606173243100714,,61.87714954564149
2006-12-19 23:20:00,0.208,1.606173243100714,,61.96834372964702
2006-12-19 23:21:00,0.26000000000000006,1.606173243100714,,62.05956916332392
2006-12-19 23:22:00,0.29200000000000004,1.606173243100714,,62.15082583541833
2006-12-19 23:23:00,0.31199999999999994,1.606173243100714,,62.24211373468469
2006-12-19 23:24:00,0.29400000000000004,1.606173243100714,,62.3334328498861
2006-12-19 23:25:00,0.314,1.606173243100714,,62.42478316979373
2006-12-19 23:26:00,0.296,1.606173243100714,,62.5161646831873
2006-12-19 23:27:00,0.31599999999999995,1.606173243100714,,62.60757737885509
2006-12-19 23:28:00,0.298,1.606173243100714,,62.699021245593805
2006-12-19 23:29:00,0.388,1.606173243100714,,62.79049627220836
2006-12-19 23:30:00,0.37200000000000005,1.606173243100714,,62.882002447512676
2006-12-19 23:31:00,0.39,1.606173243100714,,62.97353976032873
2006-12-19 23:32:00,0.37200000000000005,1.606173243100714,,63.0651081994871
2006-12-19 23:33:00,0.39,1.606173243100714,,63.156707753827135
2006-12-19 23:34:00,0.36800000000000005,1.606173243100714,,63.248338412196595
2006-12-19 23:35:00,0.3820000000000001,1.606173243100714,,63.340000163451755
2006-12-19 23:36:00,0.36800000000000005,1.606173243100714,,63.43169299645762
2006-12-19 23:37:00,0.36800000000000005,1.606173243100714,,63.52341690008757
2006-12-19 23:38:00,0.31,1.606173243100714,,63.61517186322388
2006-12-19 23:39:00,0.284,1.606173243100714,,63.70695787475725
2006-12-19 23:40:00,0.30400000000000005,1.606173243100714,,63.798774923587004
2006-12-19 23:41:00,0.28800000000000003,1.606173243100714,,63.89062299862137
2006-12-19 23:42:00,0.306,1.606173243100714,,63.98250208877702
2006-12-19 23:43:00,0.34999999999999987,1.606173243100714,,64.07441218297924
2006-12-19 23:44:00,0.41599999999999987,1.606173243100714,,64.16635327016229
2006-12-19 23:45:00,0.39200000000000007,1.606173243100714,,64.25832533926886
2006-12-19 23:46:00,0.3479999999999999,1.606173243100714,,64.35032837925053
2006-12-19 23:47:00,0.31199999999999994,1.606173243100714,,64.44236237906756
2006-12-19 23:48:00,0.3279999999999999,1.606173243100714,,64.53442732768895
2006-12-19 23:49:00,0.308,1.606173243100714,,64.62652321409236
2006-12-19 23:50:00,0.3279999999999999,1.606173243100714,,64.71865002726435
2006-12-19 23:51:00,0.308,1.606173243100714,,64.81080775620025
2006-12-19 23:52:00,0.32599999999999996,1.606173243100714,,64.9029963899041
2006-12-19 23:53:00,0.306,1.606173243100714,,64.99521591738878
2006-12-19 23:54:00,0.32400000000000007,1.606173243100714,,65.08746632767587
2006-12-19 23:55:00,0.30400000000000005,1.606173243100714,,65.17974760979591
2006-12-19 23:56:00,0.31,1.606173243100714,,65.27205975278831
2006-12-19 23:57:00,0.20600000000000004,1.606173243100714,,65.36440274570103
2006-12-19 23:58:00,0.22399999999999992,1.606173243100714,,65.45677657759117
2006-12-19 23:59:00,0.20600000000000004,1.606173243100714,,65.54918123752456
2006-12-20 00:00:00,0.22399999999999992,1.606173243100714,,65.64161671457592
2006-12-20 00:01:00,0.20600000000000004,1.606173243100714,,65.73408299782875
2006-12-20 00:02:00,0.22399999999999992,1.606173243100714,,65.82658007637559
2006-12-20 00:03:00,0.20600000000000004,1.606173243100714,,65.91910793931773
2006-12-20 00:04:00,0.22200000000000003,1.606173243100714,,66.01166657576542
2006-12-20 00:05:00,0.20399999999999993,1.606173243100714,,66.10425597483786
2006-12-20 00:06:00,0.22399999999999992,1.606173243100714,,66.19687612566301
2006-12-20 00:07:00,0.21599999999999997,1.606173243100714,,66.28952701737796
2006-12-20 00:08:00,0.29000000000000004,1.606173243100714,,66.3822086391285
2006-12-20 00:09:00,0.30200000000000005,1.606173243100714,,66.47492098006953
2006-12-20 00:10:00,0.28200000000000003,1.606173243100714,,66.56766402936486
2006-12-20 00:11:00,0.30200000000000005,1.606173243100714,,66.66043777618708
2006-12-20 00:12:00,0.28200000000000003,1.606173243100714,,66.75324220971808
2006-12-20 00:13:00,0.298,1.606173243100714,,66.84607731914828
2006-12-20 00:14:00,0.27999999999999997,1.606173243100714,,66.93894309367747
2006-12-20 00:15:00,0.298,1.606173243100714,,67.03183952251406
2006-12-20 00:16:00,0.26799999999999996,1.606173243100714,,67.12476659487584
2006-12-20 00:17:00,0.22800000000000006,1.606173243100714,,67.21772429998919
2006-12-20 00:18:00,0.21000000000000005,1.606173243100714,,67.31071262708959
2006-12-20 00:19:00,0.22800000000000006,1.606173243100714,,67.40373156542172
2006-12-20 00:20:00,0.208,1.606173243100714,,67.4967811042391
2006-12-20 00:21:00,0.24200000000000005,1.606173243100714,,67.58986123280428
2006-12-20 00:22:00,0.31599999999999995,1.606173243100714,,67.68297194038874
2006-12-20 00:23:00,0.332,1.606173243100714,,67.776113216273
2006-12-20 00:24:00,0.31,1.606173243100714,,67.86928504974682
2006-12-20 00:25:00,0.3279999999999999,1.606173243100714,,67.96248743010868
2006-12-20 00:26:00,0.308,1.606173243100714,,68.05572034666628
2006-12-20 00:27:00,0.32599999999999996,1.606173243100714,,68.14898378873633
2006-12-20 00:28:00,0.30400000000000005,1.606173243100714,,68.24227774564456
2006-12-20 00:29:00,0.32,1.606173243100714,,68.3356022067255
2006-12-20 00:30:00,0.298,1.606173243100714,,68.42895716132325
2006-12-20 00:31:00,0.31599999999999995,1.606173243100714,,68.52234259879062
2006-12-20 00:32:00,0.298,1.606173243100714,,68.6157585084893
2006-12-20 00:33:00,0.31599999999999995,1.606173243100714,,68.70920487979039
2006-12-20 00:34:00,0.298,1.606173243100714,,68.80268170207403
2006-12-20 00:35:00,0.24000000000000007,1.606173243100714,,68.89618896472905
2006-12-20 00:36:00,0.20200000000000007,1.606173243100714,,68.98972665715382
2006-12-20 00:37:00,0.22200000000000003,1.606173243100714,,69.08329476875537
2006-12-20 00:38:00,0.218,1.606173243100714,,69.17689328895013
2006-12-20 00:39:00,0.208,1.606173243100714,,69.27052220716332
2006-12-20 00:40:00,0.22200000000000003,1.606173243100714,,69.36418151282939
2006-12-20 00:41:00,0.20399999999999993,1.606173243100714,,69.457871195392
2006-12-20 00:42:00,0.22200000000000003,1.606173243100714,,69.55159124430342
2006-12-20 00:43:00,0.20399999999999993,1.606173243100714,,69.64534164902562
2006-12-20 00:44:00,0.22200000000000003,1.606173243100714,,69.73912239902916
2006-12-20 00:45:00,0.20399999999999993,1.606173243100714,,69.83293348379388
2006-12-20 00:46:00,0.22200000000000003,1.606173243100714,,69.92677489280877
2006-12-20 00:47:00,0.20399999999999993,1.606173243100714,,70.02064661557174
2006-12-20 00:48:00,0.31599999999999995,1.606173243100714,,70.11454864158989
2006-12-20 00:49:00,0.27999999999999997,1.606173243100714,,70.20848096037938
2006-12-20 00:50:00,0.3,1.606173243100714,,70.3024435614655
2006-12-20 00:51:00,0.27999999999999997,1.606173243100714,,70.39643643438264
2006-12-20 00:52:00,0.3,1.606173243100714,,70.49045956867411
2006-12-20 00:53:00,0.27999999999999997,1.606173243100714,,70.58451295389254
2006-12-20 00:54:00,0.29400000000000004,1.606173243100714,,70.6785965795995
2006-12-20 00:55:00,0.274,1.606173243100714,,70.77271043536565
2006-12-20 00:56:00,0.25799999999999995,1.606173243100714,,70.86685451077092
2006-12-20 00:57:00,0.20399999999999993,1.606173243100714,,70.96102879540419
2006-12-20 00:58:00,0.22200000000000003,1.606173243100714,,71.05523327886334
2006-12-20 00:59:00,0.20399999999999993,1.606173243100714,,71.14946795075556
2006-12-20 01:00:00,0.2860000000000001,1.606173243100714,,71.24373280069695
2006-12-20 01:01:00,0.314,1.606173243100714,,71.33802781831278
2006-12-20 01:02:00,0.332,1.606173243100714,,71.4323529932375
2006-12-20 01:03:00,0.31199999999999994,1.606173243100714,,71.52670831511453
2006-12-20 01:04:00,0.32999999999999996,1.606173243100714,,71.6210937735963
2006-12-20 01:05:00,0.31199999999999994,1.606173243100714,,71.71550935834458
2006-12-20 01:06:00,0.32999999999999996,1.606173243100714,,71.80995505903
2006-12-20 01:07:00,0.31599999999999995,1.606173243100714,,71.90443086533234
2006-12-20 01:08:00,0.322,1.606173243100714,,71.99893676694056
2006-12-20 01:09:00,0.32599999999999996,1.606173243100714,,72.09347275355265
2006-12-20 01:10:00,0.31,1.606173243100714,,72.18803881487565
2006-12-20 01:11:00,0.32599999999999996,1.606173243100714,,72.28263494062561
2006-12-20 01:12:00,0.306,1.606173243100714,,72.37726112052792
2006-12-20 01:13:00,0.29200000000000004,1.606173243100714,,72.47191734431681
2006-12-20 01:14:00,0.21000000000000005,1.606173243100714,,72.56660360173564
2006-12-20 01:15:00,0.22800000000000006,1.606173243100714,,72.6613198825368
2006-12-20 01:16:00,0.208,1.606173243100714,,72.75606617648202
2006-12-20 01:17:00,0.22800000000000006,1.606173243100714,,72.85084247334184
2006-12-20 01:18:00,0.208,1.606173243100714,,72.94564876289591
2006-12-20 01:19:00,0.22600000000000003,1.606173243100714,,73.04048503493293
2006-12-20 01:20:00,0.208,1.606173243100714,,73.13535127925081
2006-12-20 01:21:00,0.22600000000000003,1.606173243100714,,73.23024748565643
2006-12-20 01:22:00,0.208,1.606173243100714,,73.32517364396567
2006-12-20 01:23:00,0.22600000000000003,1.606173243100714,,73.4201297440036
2006-12-20 01:24:00,0.20600000000000004,1.606173243100714,,73.51511577560419
2006-12-20 01:25:00,0.22600000000000003,1.606173243100714,,73.61013172861068
2006-12-20 01:26:00,0.21000000000000005,1.606173243100714,,73.70517759287512
2006-12-20 01:27:00,0.23,1.606173243100714,,73.80025335825887
2006-12-20 01:28:00,0.26400000000000007,1.606173243100714,,73.89535901463208
2006-12-20 01:29:00,0.30400000000000005,1.606173243100714,,73.99049455187401
2006-12-20 01:30:00,0.28800000000000003,1.606173243100714,,74.08565995987318
2006-12-20 01:31:00,0.36,1.606173243100714,,74.18085522852687
2006-12-20 01:32:00,0.37200000000000005,1.606173243100714,,74.27608034774146
2006-12-20 01:33:00,0.388,1.606173243100714,,74.37133530743255
2006-12-20 01:34:00,1.294,1.606173243100714,,74.4666200975245
2006-12-20 01:35:00,1.522,1.606173243100714,,74.56193470795084
2006-12-20 01:36:00,1.474,1.606173243100714,,74.6572791286541
2006-12-20 01:37:00,1.442,1.606173243100714,,74.75265334958583
2006-12-20 01:38:00,1.426,1.606173243100714,,74.84805736070659
2006-12-20 01:39:00,1.51,1.606173243100714,,74.94349115198597
2006-12-20 01:40:00,1.5300000000000002,1.606173243100714,,75.03895471340246
2006-12-20 01:41:00,1.504,1.606173243100714,,75.13444803494379
2006-12-20 01:42:00,1.526,1.606173243100714,,75.2299711066064
2006-12-20 01:43:00,1.5080000000000002,1.606173243100714,,75.32552391839586
2006-12-20 01:44:00,1.52,1.606173243100714,,75.42110646032674
2006-12-20 01:45:00,1.4960000000000002,1.606173243100714,,75.51671872242267
2006-12-20 01:46:00,1.5160000000000002,1.606173243100714,,75.6123606947162
2006-12-20 01:47:00,1.4979999999999998,1.606173243100714,,75.70803236724868
2006-12-20 01:48:00,1.5180000000000002,1.606173243100714,,75.80373373007079
2006-12-20 01:49:00,1.492,1.606173243100714,,75.89946477324176
2006-12-20 01:50:00,1.504,1.606173243100714,,75.99522548683022
2006-12-20 01:51:00,1.47,1.606173243100714,,76.09101586091337
2006-12-20 01:52:00,1.428,1.606173243100714,,76.18683588557774
2006-12-20 01:53:00,1.382,1.606173243100714,,76.2826855509184
2006-12-20 01:54:00,1.406,1.606173243100714,,76.37856484703978
2006-12-20 01:55:00,1.358,1.606173243100714,,76.47447376405499
2006-12-20 01:56:00,1.336,1.606173243100714,,76.57041229208603
2006-12-20 01:57:00,1.32,1.606173243100714,,76.66638042126411
2006-12-20 01:58:00,1.3319999999999999,1.606173243100714,,76.76237814172916
2006-12-20 01:59:00,1.312,1.606173243100714,,76.85840544363
2006-12-20 02:00:00,1.326,1.606173243100714,,76.95446231712457
2006-12-20 02:01:00,1.314,1.606173243100714,,77.0505487523795
2006-12-20 02:02:00,0.5000000000000001,1.606173243100714,,77.14666473957047
2006-12-20 02:03:00,0.208,1.606173243100714,,77.24281026888197
2006-12-20 02:04:00,0.22800000000000006,1.606173243100714,,77.33898533050751
2006-12-20 02:05:00,0.21000000000000005,1.606173243100714,,77.43518991464936
2006-12-20 02:06:00,0.23,1.606173243100714,,77.53142401151875
2006-12-20 02:07:00,0.21000000000000005,1.606173243100714,,77.62768761133577
2006-12-20 02:08:00,0.23,1.606173243100714,,77.72398070432956
2006-12-20 02:09:00,0.2760000000000001,1.606173243100714,,77.82030328073769
2006-12-20 02:10:00,0.29400000000000004,1.606173243100714,,77.91665533080705
2006-12-20 02:11:00,0.306,1.606173243100714,,78.01303684479305
2006-12-20 02:12:00,0.2860000000000001,1.606173243100714,,78.10944781296031
2006-12-20 02:13:00,0.306,1.606173243100714,,78.20588822558197
2006-12-20 02:14:00,0.2860000000000001,1.606173243100714,,78.30235807294015
2006-12-20 02:15:00,0.30400000000000005,1.606173243100714,,78.39885734532582
2006-12-20 02:16:00,0.284,1.606173243100714,,78.49538603303876
2006-12-20 02:17:00,0.28200000000000003,1.606173243100714,,78.59194412638765
2006-12-20 02:18:00,0.3180000000000001,1.606173243100714,,78.68853161568968
2006-12-20 02:19:00,0.3400000000000001,1.606173243100714,,78.78514849127137
2006-12-20 02:20:00,0.31599999999999995,1.606173243100714,,78.88179474346757
2006-12-20 02:21:00,0.332,1.606173243100714,,78.97847036262219
2006-12-20 02:22:00,0.314,1.606173243100714,,79.07517533908789
2006-12-20 02:23:00,0.332,1.606173243100714,,79.17190966322609
2006-12-20 02:24:00,0.31,1.606173243100714,,79.26867332540691
2006-12-20 02:25:00,0.32599999999999996,1.606173243100714,,79.3654663160095
2006-12-20 02:26:00,0.308,1.606173243100714,,79.46228862542144
2006-12-20 02:27:00,0.32599999999999996,1.606173243100714,,79.55914024403933
2006-12-20 02:28:00,0.306,1.606173243100714,,79.65602116226849
2006-12-20 02:29:00,0.32599999999999996,1.606173243100714,,79.75293137052282
2006-12-20 02:30:00,0.296,1.606173243100714,,79.84987085922525
2006-12-20 02:31:00,0.22800000000000006,1.606173243100714,,79.94683961880712
2006-12-20 02:32:00,0.21199999999999988,1.606173243100714,,80.04383763970898
2006-12-20 02:33:00,0.23,1.606173243100714,,80.14086491237939
2006-12-20 02:34:00,0.21000000000000005,1.606173243100714,,80.23792142727626
2006-12-20 02:35:00,0.23,1.606173243100714,,80.33500717486599
2006-12-20 02:36:00,0.208,1.606173243100714,,80.43212214562362
2006-12-20 02:37:00,0.22800000000000006,1.606173243100714,,80.52926633003307
2006-12-20 02:38:00,0.21000000000000005,1.606173243100714,,80.62643971858662
2006-12-20 02:39:00,0.22800000000000006,1.606173243100714,,80.72364230178565
2006-12-20 02:40:00,0.22200000000000003,1.606173243100714,,80.82087407013992
2006-12-20 02:41:00,0.21199999999999988,1.606173243100714,,80.918135014168
2006-12-20 02:42:00,0.22800000000000006,1.606173243100714,,81.01542512439697
2006-12-20 02:43:00,0.21000000000000005,1.606173243100714,,81.11274439136287
2006-12-20 02:44:00,0.23,1.606173243100714,,81.21009280561007
2006-12-20 02:45:00,0.21000000000000005,1.606173243100714,,81.30747035769174
2006-12-20 02:46:00,0.23,1.606173243100714,,81.40487703816964
2006-12-20 02:47:00,0.21000000000000005,1.606173243100714,,81.50231283761427
2006-12-20 02:48:00,0.22800000000000006,1.606173243100714,,81.59977774660459
2006-12-20 02:49:00,0.21000000000000005,1.606173243100714,,81.69727175572828
2006-12-20 02:50:00,0.22800000000000006,1.606173243100714,,81.79479485558149
2006-12-20 02:51:00,0.29000000000000004,1.606173243100714,,81.89234703676931
2006-12-20 02:52:00,0.30400000000000005,1.606173243100714,,81.98992828990505
2006-12-20 02:53:00,0.2860000000000001,1.606173243100714,,82.08753860561069
2006-12-20 02:54:00,0.30400000000000005,1.606173243100714,,82.18517797451696
2006-12-20 02:55:00,0.2860000000000001,1.606173243100714,,82.28284638726298
2006-12-20 02:56:00,0.362,1.606173243100714,,82.38054383449668
2006-12-20 02:57:00,0.394,1.606173243100714,,82.47827030687407
2006-12-20 02:58:00,0.408,1.606173243100714,,82.57602579506033
2006-12-20 02:59:00,0.33600000000000013,1.606173243100714,,82.67381028972879
2006-12-20 03:00:00,0.332,1.606173243100714,,82.77162378156127
2006-12-20 03:01:00,0.32,1.606173243100714,,82.86946626124829
2006-12-20 03:02:00,0.3400000000000001,1.606173243100714,,82.96733771948895
2006-12-20 03:03:00,0.3180000000000001,1.606173243100714,,83.06523814699072
2006-12-20 03:04:00,0.334,1.606173243100714,,83.16316753446958
2006-12-20 03:05:00,0.306,1.606173243100714,,83.26112587265004
2006-12-20 03:06:00,0.32400000000000007,1.606173243100714,,83.35911315226517
2006-12-20 03:07:00,0.306,1.606173243100714,,83.4571293640565
2006-12-20 03:08:00,0.32599999999999996,1.606173243100714,,83.55517449877387
2006-12-20 03:09:00,0.24399999999999997,1.606173243100714,,83.65324854717575
2006-12-20 03:10:00,0.22399999999999992,1.606173243100714,,83.75135150002906
2006-12-20 03:11:00,0.23,1.606173243100714,,83.84948334810922
2006-12-20 03:12:00,0.21199999999999988,1.606173243100714,,83.94764408219991
2006-12-20 03:13:00,0.23199999999999998,1.606173243100714,,84.04583369309343
2006-12-20 03:14:00,0.21199999999999988,1.606173243100714,,84.14405217159043
2006-12-20 03:15:00,0.23199999999999998,1.606173243100714,,84.24229950849995
2006-12-20 03:16:00,0.21599999999999997,1.606173243100714,,84.34057569463958
2006-12-20 03:17:00,0.23799999999999996,1.606173243100714,,84.43888072083512
2006-12-20 03:18:00,0.218,1.606173243100714,,84.53721457792103
2006-12-20 03:19:00,0.2359999999999999,1.606173243100714,,84.6355772567399
2006-12-20 03:20:00,0.21599999999999997,1.606173243100714,,84.73396874814277
2006-12-20 03:21:00,0.2359999999999999,1.606173243100714,,84.8323890429891
2006-12-20 03:22:00,0.21599999999999997,1.606173243100714,,84.93083813214695
2006-12-20 03:23:00,0.23199999999999998,1.606173243100714,,85.02931600649217
2006-12-20 03:24:00,0.21000000000000005,1.606173243100714,,85.12782265690947
2006-12-20 03:25:00,0.23,1.606173243100714,,85.22635807429184
2006-12-20 03:26:00,0.21199999999999988,1.606173243100714,,85.32492224954012
2006-12-20 03:27:00,0.2500000000000001,1.606173243100714,,85.4235151735642
2006-12-20 03:28:00,0.22800000000000006,1.606173243100714,,85.52213683728186
2006-12-20 03:29:00,0.234,1.606173243100714,,85.62078723161922
2006-12-20 03:30:00,0.208,1.606173243100714,,85.71946634751087
2006-12-20 03:31:00,0.23,1.606173243100714,,85.81817417589937
2006-12-20 03:32:00,0.21599999999999997,1.606173243100714,,85.91691070773605
2006-12-20 03:33:00,0.2760000000000001,1.606173243100714,,86.01567593398006
2006-12-20 03:34:00,0.29200000000000004,1.606173243100714,,86.11446984559905
2006-12-20 03:35:00,0.388,1.606173243100714,,86.21329243356887
2006-12-20 03:36:00,0.404,1.606173243100714,,86.31214368887375
2006-12-20 03:37:00,0.42,1.606173243100714,,86.41102360250595
2006-12-20 03:38:00,0.3980000000000001,1.606173243100714,,86.50993216546622
2006-12-20 03:39:00,0.414,1.606173243100714,,86.60886936876328
2006-12-20 03:40:00,0.39200000000000007,1.606173243100714,,86.70783520341432
2006-12-20 03:41:00,0.388,1.606173243100714,,86.80682966044455
2006-12-20 03:42:00,0.31,1.606173243100714,,86.90585273088752
2006-12-20 03:43:00,0.308,1.606173243100714,,87.00490440578484
