Date and Hour,real,predicted
2006-12-19 11:04:00,-0.45829986727754407,0.4380840228076925
2006-12-19 11:05:00,-0.5217928552485804,0.4840720845272901
2006-12-19 11:06:00,-0.46393872377811374,0.5356343315313062
2006-12-19 11:07:00,-0.5041481755502205,0.5311996192779455
2006-12-19 11:08:00,-0.4925250535436788,0.48691635074018375
2006-12-19 11:09:00,-0.5129385826971785,0.4560683612112186
2006-12-19 11:10:00,-0.4925250535436788,0.4616828276061499
2006-12-19 11:11:00,-0.6498638115972488,0.481450554954944
2006-12-19 11:12:00,-1.0141059004215662,0.48497635147298784
2006-12-19 11:13:00,-0.9732518152385743,0.4682485724711958
2006-12-19 11:14:00,-1.0281043418826676,0.4498618984329839
2006-12-19 11:15:00,-0.9866859546710584,0.4445728302960103
2006-12-19 11:16:00,-1.032814878556424,0.44891913470088174
2006-12-19 11:17:00,-0.9957426966698534,0.4503922468025672
2006-12-19 11:18:00,-1.0423041079730269,0.4433567807549273
2006-12-19 11:19:00,-1.0003019334918561,0.4329014485749339
2006-12-19 11:20:00,-1.0470833420184267,0.42622545319729127
2006-12-19 11:21:00,-1.0003019334918561,0.42441434481912427
2006-12-19 11:22:00,-1.0470833420184267,0.42315032764129673
2006-12-19 11:23:00,-1.0048820551045385,0.41889888366709443
2006-12-19 11:24:00,-1.0423041079730269,0.4123938476771476
2006-12-19 11:25:00,-0.8321026635879343,0.4065692473095862
2006-12-19 11:26:00,-0.8399019982328407,0.4028008130197299
2006-12-19 11:27:00,-0.8716815260448119,0.3999289560303799
2006-12-19 11:28:00,-0.8359952487782135,0.3962487371572678
2006-12-19 11:29:00,-0.8920390221978068,0.3914707213811583
2006-12-19 11:30:00,-0.8596527152232433,0.3865960316375653
2006-12-19 11:31:00,-0.9170018902953639,0.3824698625240607
2006-12-19 11:32:00,-1.0187501087632207,0.37893798487798924
2006-12-19 11:33:00,-1.1217553668044347,0.3753118654972377
2006-12-19 11:34:00,-1.2085110553726972,0.37125553920236837
2006-12-19 11:35:00,-1.261203110755606,0.3670321015057956
2006-12-19 11:36:00,-1.0423041079730269,0.3630444062117214
2006-12-19 11:37:00,-0.9732518152385743,0.3593678611195767
2006-12-19 11:38:00,-0.9382729819180982,0.35576986029886964
2006-12-19 11:39:00,-0.9866859546710584,0.35204778137895804
2006-12-19 11:40:00,-0.9382729819180982,0.34823288543750874
2006-12-19 11:41:00,-0.9732518152385743,0.34448600934916657
2006-12-19 11:42:00,-0.9339835289826487,0.34088840832478357
2006-12-19 11:43:00,-0.9957426966698534,0.33737987209595954
2006-12-19 11:44:00,-0.9599936805152184,0.33386463196978067
2006-12-19 11:45:00,-1.0048820551045385,0.3303226060133587
2006-12-19 11:46:00,-0.9599936805152184,0.3268071802031802
2006-12-19 11:47:00,-1.0048820551045385,0.3233662776175701
2006-12-19 11:48:00,-0.9599936805152184,0.3199931269912192
2006-12-19 11:49:00,-1.0048820551045385,0.31664958167875745
2006-12-19 11:50:00,-1.1374175362735803,0.31331542004025714
2006-12-19 11:51:00,-1.2551922671134537,0.3100038149217271
2006-12-19 11:52:00,-1.1972090710886905,0.306736938278078
2006-12-19 11:53:00,-1.2492219551032042,0.3035194898319856
2006-12-19 11:54:00,-1.1972090710886905,0.3003386636626218
2006-12-19 11:55:00,-1.21995575469463,0.29718256897269185
2006-12-19 11:56:00,-1.1972090710886905,0.2940521036504564
2006-12-19 11:57:00,-1.1750163235393911,0.2909557590961863
2006-12-19 11:58:00,-1.2551922671134537,0.2878980058706229
2006-12-19 11:59:00,-1.1972090710886905,0.28487544140811494
2006-12-19 12:00:00,-1.2492219551032042,0.28188240334419246
2006-12-19 12:01:00,-1.1972090710886905,0.27891726445210463
2006-12-19 12:02:00,-1.2551922671134537,0.27598257147442484
2006-12-19 12:03:00,-1.1972090710886905,0.2730807487802702
2006-12-19 12:04:00,-1.1269472157776208,0.27021123770890454
2006-12-19 12:05:00,-1.0048820551045385,0.267371649449225
2006-12-19 12:06:00,-1.0518860251098086,0.2645604996536942
2006-12-19 12:07:00,-1.0094832973707242,0.2617781644156574
2006-12-19 12:08:00,-1.05671244103263,0.25902559004854
2006-12-19 12:09:00,-1.0141059004215662,0.25630279701333597
2006-12-19 12:10:00,-1.05671244103263,0.2536088163218069
2006-12-19 12:11:00,-0.6269903067950648,0.2509426908856518
2006-12-19 12:12:00,-0.6498638115972488,0.2483041639694208
2006-12-19 12:13:00,-0.731937743123622,0.24569342441683018
2006-12-19 12:14:00,-0.7426287440342392,0.24311046307861853
2006-12-19 12:15:00,-0.5701431980155423,0.2405548362574996
2006-12-19 12:16:00,-0.5825418527795492,0.23802596186482633
2006-12-19 12:17:00,-0.5763263810273604,0.2355234747137064
2006-12-19 12:18:00,-0.5950713354702006,0.23304724872112784
2006-12-19 12:19:00,-0.9469060082705337,0.23059716362878477
2006-12-19 12:20:00,-0.955612448479188,0.22817293943067163
2006-12-19 12:21:00,-0.9866859546710584,0.22577419234881768
2006-12-19 12:22:00,-0.955612448479188,0.22340058616366934
2006-12-19 12:23:00,-1.0003019334918561,0.22105189053748736
2006-12-19 12:24:00,-0.9643938505839121,0.2187279130728597
2006-12-19 12:25:00,-0.9957426966698534,0.21642841494063073
2006-12-19 12:26:00,-0.9469060082705337,0.2141531039055539
2006-12-19 12:27:00,-0.9912041129406451,0.21190168859027672
2006-12-19 12:28:00,-1.0423041079730269,0.20967391821291279
2006-12-19 12:29:00,-1.2551922671134537,0.20746957031579433
2006-12-19 12:30:00,-1.2028424962923248,0.20528841515696425
2006-12-19 12:31:00,-1.261203110755606,0.20313020132280016
2006-12-19 12:32:00,-1.2085110553726972,0.20099467125160728
2006-12-19 12:33:00,-1.261203110755606,0.19888158121510507
2006-12-19 12:34:00,-1.2028424962923248,0.19679070332938103
2006-12-19 12:35:00,-1.261203110755606,0.19472181289968954
2006-12-19 12:36:00,-1.2028424962923248,0.1926746788504903
2006-12-19 12:37:00,-1.261203110755606,0.19064906635830928
2006-12-19 12:38:00,-1.2028424962923248,0.1886447451856736
2006-12-19 12:39:00,-1.2551922671134537,0.1866614931813314
2006-12-19 12:40:00,-1.1972090710886905,0.18469909269928209
2006-12-19 12:41:00,-1.2432915118505183,0.18275732583025905
2006-12-19 12:42:00,-1.1805143754256116,0.1808359738029136
2006-12-19 12:43:00,-1.2432915118505183,0.17893481989504836
2006-12-19 12:44:00,-1.0812108394363908,0.17705365169819648
2006-12-19 12:45:00,-1.0518860251098086,0.17519226052105283
2006-12-19 12:46:00,-1.0048820551045385,0.1733504394030716
2006-12-19 12:47:00,-1.0470833420184267,0.171527982227559
2006-12-19 12:48:00,-0.9957426966698534,0.1697246845106276
2006-12-19 12:49:00,-1.0187501087632207,0.1679403445025048
2006-12-19 12:50:00,-1.0141059004215662,0.1661747633224811
2006-12-19 12:51:00,-1.0048820551045385,0.16442774425482382
2006-12-19 12:52:00,-1.0470833420184267,0.1626990921784294
2006-12-19 12:53:00,-0.8797773740016807,0.16098861366730427
2006-12-19 12:54:00,-0.9643938505839121,0.15929611742966734
2006-12-19 12:55:00,-0.9297118716523185,0.15762141449777428
2006-12-19 12:56:00,-0.9643938505839121,0.15596431802170135
2006-12-19 12:57:00,-0.9212212277613084,0.15432464298225654
2006-12-19 12:58:00,-0.9688131604294727,0.15270220612801466
2006-12-19 12:59:00,-0.9297118716523185,0.1510968261131079
2006-12-19 13:00:00,-0.9732518152385743,0.1495083236082489
2006-12-19 13:01:00,-0.9469060082705337,0.14793652125489534
2006-12-19 13:02:00,-0.9866859546710584,0.14638124353737791
2006-12-19 13:03:00,-0.9512499560953556,0.14484231671175524
2006-12-19 13:04:00,-0.9086143277670691,0.14331956882853558
2006-12-19 13:05:00,-0.7827333707991583,0.14181282977647924
2006-12-19 13:06:00,-0.8517085102633432,0.140321931274781
2006-12-19 13:07:00,-0.9732518152385743,0.13884670681756983
2006-12-19 13:08:00,-1.0187501087632207,0.137386991623907
2006-12-19 13:09:00,-0.9732518152385743,0.13594262262474827
2006-12-19 13:10:00,-1.0094832973707242,0.13451343847006114
2006-12-19 13:11:00,-0.955612448479188,0.13309927952335804
2006-12-19 13:12:00,-1.0003019334918561,0.13169998783429404
2006-12-19 13:13:00,-0.9599936805152184,0.13031540710611877
2006-12-19 13:14:00,-1.0048820551045385,0.12894538267529748
2006-12-19 13:15:00,-0.9643938505839121,0.12758976150274026
2006-12-19 13:16:00,-1.0094832973707242,0.12624839216421382
2006-12-19 13:17:00,-0.9688131604294727,0.12492112483233059
2006-12-19 13:18:00,-1.0281043418826676,0.12360781125387797
2006-12-19 13:19:00,-0.9866859546710584,0.12230830473020439
2006-12-19 13:20:00,-1.0141059004215662,0.12102246010300302
2006-12-19 13:21:00,-1.0141059004215662,0.1197501337416214
2006-12-19 13:22:00,-0.9912041129406451,0.11849118352777273
2006-12-19 13:23:00,-1.0375480445513814,0.11724546883769203
2006-12-19 13:24:00,-0.9957426966698534,0.11601285052463552
2006-12-19 13:25:00,-0.8556732040962096,0.11479319090355634
2006-12-19 13:26:00,-0.8205086512100563,0.11358635373711483
2006-12-19 13:27:00,-0.8596527152232433,0.1123922042212024
2006-12-19 13:28:00,-0.8205086512100563,0.11121060896939293
2006-12-19 13:29:00,-0.9297118716523185,0.11004143599721085
2006-12-19 13:30:00,-0.9777100237214547,0.10888455470719476
2006-12-19 13:31:00,-0.8517085102633432,0.10773983587476517
2006-12-19 13:32:00,-0.757044761255252,0.10660715163421797
2006-12-19 13:33:00,-0.8438230388467177,0.1054863754643997
2006-12-19 13:34:00,-0.9254578301976633,0.10437738217424998
2006-12-19 13:35:00,-0.9732518152385743,0.1032800478886376
2006-12-19 13:36:00,-0.9339835289826487,0.10219425003463443
2006-12-19 13:37:00,-0.9866859546710584,0.10111986732802068
2006-12-19 13:38:00,-0.9469060082705337,0.10005677975978662
2006-12-19 13:39:00,-0.9912041129406451,0.09900486858262221
2006-12-19 13:40:00,-0.9469060082705337,0.09796401629755094
2006-12-19 13:41:00,-0.9777100237214547,0.09693410664081284
2006-12-19 13:42:00,-0.9297118716523185,0.09591502457095374
2006-12-19 13:43:00,-0.9777100237214547,0.09490665625601878
2006-12-19 13:44:00,-0.9297118716523185,0.09390888906081225
2006-12-19 13:45:00,-1.1587159749257776,0.09292161153426988
2006-12-19 13:46:00,-1.1641175876759953,0.09194471339699707
2006-12-19 13:47:00,-1.21995575469463,0.09097808552897506
2006-12-19 13:48:00,-1.186045520603325,0.09002161995739648
2006-12-19 13:49:00,-1.2374002915711906,0.08907520984460349
2006-12-19 13:50:00,-1.1805143754256116,0.08813874947613615
2006-12-19 13:51:00,-1.1972090710886905,0.08721213424891355
2006-12-19 13:52:00,-1.2142152898605953,0.08629526065955506
2006-12-19 13:53:00,-1.1750163235393911,0.08538802629282999
2006-12-19 13:54:00,-1.23154766497248,0.08449032981022096
2006-12-19 13:55:00,-1.1750163235393911,0.08360207093859877
2006-12-19 13:56:00,-1.2142152898605953,0.08272315045901589
2006-12-19 13:57:00,-1.1641175876759953,0.08185347019562388
2006-12-19 13:58:00,-1.21995575469463,0.08099293300471125
2006-12-19 13:59:00,-1.1695508841979705,0.08014144276385507
2006-12-19 14:00:00,-1.21995575469463,0.07929890436118281
2006-12-19 14:01:00,-1.1641175876759953,0.07846522368474565
2006-12-19 14:02:00,-1.2374002915711906,0.07764030761200529
2006-12-19 14:03:00,-1.186045520603325,0.07682406399943348
2006-12-19 14:04:00,-1.2374002915711906,0.07601640167222096
2006-12-19 14:05:00,-1.0423041079730269,0.07521723041409316
2006-12-19 14:06:00,-1.0375480445513814,0.07442646095723197
2006-12-19 14:07:00,-0.9866859546710584,0.07364400497230392
2006-12-19 14:08:00,-1.0281043418826676,0.07286977505859393
2006-12-19 14:09:00,-0.8879358898081304,0.07210368473424339
2006-12-19 14:10:00,-0.8166714893002668,0.07134564842659018
2006-12-19 14:11:00,-0.7827333707991583,0.07059558146260989
2006-12-19 14:12:00,-0.8282241175511293,0.06985340005945742
2006-12-19 14:13:00,-0.8090377164268954,0.06911902131510844
2006-12-19 14:14:00,-0.9777100237214547,0.06839236319909944
2006-12-19 14:15:00,-0.9732518152385743,0.06767334454336503
2006-12-19 14:16:00,-1.0281043418826676,0.06696188503317134
2006-12-19 14:17:00,-0.9866859546710584,0.06625790519814469
2006-12-19 14:18:00,-1.032814878556424,0.06556132640339461
2006-12-19 14:19:00,-0.9912041129406451,0.06487207084073046
2006-12-19 14:20:00,-1.0281043418826676,0.06419006151997021
2006-12-19 14:21:00,-0.9957426966698534,0.06351522226034068
2006-12-19 14:22:00,-0.9957426966698534,0.06284747768196795
2006-12-19 14:23:00,-1.1114563686486225,0.06218675319745746
2006-12-19 14:24:00,-1.23154766497248,0.06153297500356246
2006-12-19 14:25:00,-1.2794857299350941,0.060886070072940335
2006-12-19 14:26:00,-1.2085110553726972,0.06024596614599533
2006-12-19 14:27:00,-1.267255166620712,0.05961259172280712
2006-12-19 14:28:00,-1.2085110553726972,0.05898587605514417
2006-12-19 14:29:00,-1.267255166620712,0.058365749138561185
2006-12-19 14:30:00,-1.2142152898605953,0.057752141704579596
2006-12-19 14:31:00,-1.2733491336725924,0.057144985212950236
2006-12-19 14:32:00,-1.23154766497248,0.05654421184399733
2006-12-19 14:33:00,-1.2856656932123542,0.055949754491043
2006-12-19 14:34:00,-1.2257330186808342,0.05536154675291144
2006-12-19 14:35:00,-1.2794857299350941,0.05477952292651182
2006-12-19 14:36:00,-1.2142152898605953,0.054203617999499326
2006-12-19 14:37:00,-1.261203110755606,0.05363376764301317
2006-12-19 14:38:00,-1.21995575469463,0.053069908204491034
2006-12-19 14:39:00,-1.2733491336725924,0.052511976700559036
2006-12-19 14:40:00,-1.2028424962923248,0.05195991080999649
2006-12-19 14:41:00,-1.2432915118505183,0.05141364886677458
2006-12-19 14:42:00,-1.1805143754256116,0.050873129853168234
2006-12-19 14:43:00,-1.2374002915711906,0.05033829339294041
2006-12-19 14:44:00,-1.1805143754256116,0.04980907974459803
2006-12-19 14:45:00,-1.1217553668044347,0.04928542979471887
2006-12-19 14:46:00,-0.7864526005989804,0.04876728505134855
2006-12-19 14:47:00,-0.8166714893002668,0.04825458763746689
2006-12-19 14:48:00,-0.5887900293633512,0.047747280284523096
2006-12-19 14:49:00,-0.7498133986809175,0.047245306326038794
2006-12-19 14:50:00,-0.8014572414861816,0.046748609691278385
2006-12-19 14:51:00,-0.8205086512100563,0.04625713489898588
2006-12-19 14:52:00,-0.28748401531168294,0.04577082705118763
2006-12-19 14:53:00,0.4545626532762274,0.04528963182706023
2006-12-19 14:54:00,0.4274978973320139,0.044813495476862815
2006-12-19 14:55:00,0.3860438058709749,0.044342364815933205
2006-12-19 14:56:00,0.3593897779183681,0.04387618721874714
2006-12-19 14:57:00,0.37981167004273414,0.04341491061304
2006-12-19 14:58:00,0.3844880164243153,0.04295848347399028
2006-12-19 14:59:00,0.3829307329852035,0.04250685481846429
2006-12-19 15:00:00,0.3578081029491044,0.04205997419932129
2006-12-19 15:01:00,0.3719876199027199,0.0416177916997785
2006-12-19 15:02:00,0.2849632053219624,0.04118025792783538
2006-12-19 15:03:00,0.29487092717246133,0.040747324010756536
2006-12-19 15:04:00,0.27165530031468343,0.04031894158961259
2006-12-19 15:05:00,0.2749928430114692,0.03989506281387852
2006-12-19 15:06:00,0.26663565191298316,0.039475640336088656
2006-12-19 15:07:00,0.28661881624472463,0.03906062730654796
2006-12-19 15:08:00,0.2699838667305767,0.038649977368098935
2006-12-19 15:09:00,0.2849632053219624,0.03824364465094347
2006-12-19 15:10:00,0.32584283846286144,0.03784158376751921
2006-12-19 15:11:00,0.3562248723306782,0.03744374980742969
2006-12-19 15:12:00,0.3435025706623385,0.03705009833242781
2006-12-19 15:13:00,0.3625484758477839,0.036660585371452115
2006-12-19 15:14:00,0.33389417250578335,0.03627516741571517
2006-12-19 15:15:00,0.3482852526564775,0.03589380141384364
2006-12-19 15:16:00,0.3354995828969818,0.03551644476706942
2006-12-19 15:17:00,0.3546400823105739,0.035143055324471296
2006-12-19 15:18:00,0.33067850728451487,0.03477359137826669
2006-12-19 15:19:00,0.3371033837625833,0.03440801165915289
2006-12-19 15:20:00,0.31450224705179747,0.03404627533169724
2006-12-19 15:21:00,0.33389417250578335,0.033688341989775814
2006-12-19 15:22:00,0.3290682444844632,0.03333417165206001
2006-12-19 15:23:00,0.324227687176806,0.03298372475755064
2006-12-19 15:24:00,0.33067850728451487,0.032636962161158925
2006-12-19 15:25:00,0.31450224705179747,0.03229384512933399
2006-12-19 15:26:00,0.4030598795313247,0.03195433533573628
2006-12-19 15:27:00,0.45605330759417484,0.031618394856956514
2006-12-19 15:28:00,0.47531072447247735,0.03128598616827963
2006-12-19 15:29:00,0.470886505156287,0.030957072139493225
2006-12-19 15:30:00,0.4855883686770615,0.030631616030740105
2006-12-19 15:31:00,0.46793046406147926,0.030309581488414436
2006-12-19 15:32:00,0.48412401146367257,0.029990932541101023
2006-12-19 15:33:00,0.4664504664531747,0.029675633595557277
2006-12-19 15:34:00,0.46051722817514307,0.029363649432737435
2006-12-19 15:35:00,0.39380046544619723,0.02905494520385857
2006-12-19 15:36:00,0.36727494836482494,0.028749486426507997
2006-12-19 15:37:00,0.3354995828969818,0.028447238980791538
2006-12-19 15:38:00,0.3498763180981578,0.028148169105522328
2006-12-19 15:39:00,0.3387055790487621,0.027852243394449645
2006-12-19 15:40:00,0.28992483606142905,0.02755942879252745
2006-12-19 15:41:00,0.2683106521482942,0.02726969259222212
2006-12-19 15:42:00,0.32261089830435513,0.02698300242985899
2006-12-19 15:43:00,0.2683106521482942,0.026699326282007312
2006-12-19 15:44:00,0.3354995828969818,0.026418632461903232
2006-12-19 15:45:00,0.317750665365673,0.02614088961591035
2006-12-19 15:46:00,0.2932239494066435,0.025866066720017514
2006-12-19 15:47:00,0.278323317093755,0.025594133076373416
2006-12-19 15:48:00,0.2816467591133057,0.025325058309857644
2006-12-19 15:49:00,0.26495886135039604,0.02505881236468775
2006-12-19 15:50:00,0.278323317093755,0.024795365501061997
2006-12-19 15:51:00,0.24809144529828472,0.02453468829183742
2006-12-19 15:52:00,0.27165530031468343,0.02427675161924281
2006-12-19 15:53:00,0.25654788865800926,0.024021526671626235
2006-12-19 15:54:00,0.2531708014873148,0.02376898494023676
2006-12-19 15:55:00,0.2749928430114692,0.02351909821604
2006-12-19 15:56:00,0.26663565191298316,0.02327183858656717
2006-12-19 15:57:00,0.278323317093755,0.02302717843279725
2006-12-19 15:58:00,0.2582337016573031,0.02278509042607192
2006-12-19 15:59:00,0.2599177006632555,0.022545547525042956
2006-12-19 16:00:00,0.24639464697578833,0.02230852297265165
2006-12-19 16:01:00,0.26663565191298316,0.02207399029314007
2006-12-19 16:02:00,0.2514795176692845,0.0218419232890937
2006-12-19 16:03:00,0.26663565191298316,0.021612296038515187
2006-12-19 16:04:00,0.2849632053219624,0.021385082891928822
2006-12-19 16:05:00,0.34190516859074477,0.021160258469515473
2006-12-19 16:06:00,0.32099246777329277,0.020937797658277673
2006-12-19 16:07:00,0.33389417250578335,0.02071767560923448
2006-12-19 16:08:00,0.3498763180981578,0.020499867734645818
2006-12-19 16:09:00,0.37512178229446064,0.020284349705266026
2006-12-19 16:10:00,0.37355546054916255,0.020071097447626276
2006-12-19 16:11:00,0.470886505156287,0.019860087141345552
2006-12-19 16:12:00,0.4649691469606916,0.019651295216469876
2006-12-19 16:13:00,0.4694091426707915,0.01944469835083956
2006-12-19 16:14:00,0.4545626532762274,0.019240273467484102
2006-12-19 16:15:00,0.46200253073210407,0.01903799773204449
2006-12-19 16:16:00,0.44108586496686164,0.018837848550222563
2006-12-19 16:17:00,0.4350606275302814,0.018639803565257247
2006-12-19 16:18:00,0.4545626532762274,0.018443840655427285
2006-12-19 16:19:00,0.5711926082062232,0.018249937931580223
2006-12-19 16:20:00,0.3922520936430286,0.01805807373468737
2006-12-19 16:21:00,0.4350606275302814,0.0178682266334245
2006-12-19 16:22:00,0.5217866618377398,0.017680375421777958
2006-12-19 16:23:00,0.5146092462606587,0.017494499116675926
2006-12-19 16:24:00,0.3907022452437562,0.017310576955644606
2006-12-19 16:25:00,0.37981167004273414,0.017128588394489042
2006-12-19 16:26:00,0.3907022452437562,0.016948513104998324
2006-12-19 16:27:00,0.3719876199027199,0.01677033097267493
2006-12-19 16:28:00,0.3829307329852035,0.01659402209448791
2006-12-19 16:29:00,0.4782536756629253,0.016419566776649713
2006-12-19 16:30:00,0.4767828510159194,0.01624694553241638
2006-12-19 16:31:00,0.5711926082062232,0.01607613907991087
2006-12-19 16:32:00,0.7657671879614701,0.015907128339969254
2006-12-19 16:33:00,0.9355870194550692,0.01573989443400958
2006-12-19 16:34:00,0.945769780984601,0.015574418681923113
2006-12-19 16:35:00,0.93218040754802,0.015410682599987766
2006-12-19 16:36:00,0.9468977881061428,0.015248667898803449
2006-12-19 16:37:00,0.929905876278111,0.015088356481249138
2006-12-19 16:38:00,0.9367211782026308,0.014929730440461426
2006-12-19 16:39:00,0.9264888737089066,0.014772772057834315
2006-12-19 16:40:00,0.9367211782026308,0.014617463801040037
2006-12-19 16:41:00,0.929905876278111,0.014463788322070669
2006-12-19 16:42:00,0.968202139776407,0.014311728455300366
2006-12-19 16:43:00,0.9367211782026308,0.014161267215567963
2006-12-19 16:44:00,0.8413381087123609,0.01401238779627972
2006-12-19 16:45:00,0.8341608215626017,0.013865073567532008
2006-12-19 16:46:00,0.8615221089211318,0.013719308074253728
2006-12-19 16:47:00,0.828158097025243,0.013575075034368294
2006-12-19 16:48:00,1.3255803074002435,0.013432358336974908
2006-12-19 16:49:00,1.5674646979183091,0.01329114204054898
2006-12-19 16:50:00,1.6149724500038662,0.013151410371161435
2006-12-19 16:51:00,1.5839648444807912,0.013013147720716756
2006-12-19 16:52:00,1.5839648444807912,0.012876338645209552
2006-12-19 16:53:00,1.5823204965340993,0.012740967862999462
2006-12-19 16:54:00,1.6238662953074707,0.012607020253104196
2006-12-19 16:55:00,1.6383420124479973,0.012474480853510501
2006-12-19 16:56:00,1.7301777522780186,0.012343334859502904
2006-12-19 16:57:00,1.6527224461773262,0.012213567622010002
2006-12-19 16:58:00,1.6945258993659738,0.012085164645968177
2006-12-19 16:59:00,1.6733290427862324,0.011958111588702474
2006-12-19 17:00:00,0.9837472661139925,0.011832394258324523
2006-12-19 17:01:00,0.9536516176679686,0.011707998612147304
2006-12-19 17:02:00,0.945769780984601,0.011584910755116562
2006-12-19 17:03:00,0.9626190988102774,0.011463116938258721
2006-12-19 17:04:00,0.9793188479387771,0.01134260355714513
2006-12-19 17:05:00,1.0317896514673655,0.011223357150372433
2006-12-19 17:06:00,1.0606827368495204,0.011105364398058924
2006-12-19 17:07:00,0.9881653367355653,0.010988612120356707
2006-12-19 17:08:00,1.081808738299019,0.010873087275979508
2006-12-19 17:09:00,1.219704471746698,0.010758776960745953
2006-12-19 17:10:00,1.2236181193772973,0.010645668406138165
2006-12-19 17:11:00,1.2699955111173578,0.010533748977875512
2006-12-19 17:12:00,1.13159141517657,0.010423006174503358
2006-12-19 17:13:00,1.1851280662941073,0.010313427625996636
2006-12-19 17:14:00,1.1801390608916502,0.010205001092378116
2006-12-19 17:15:00,1.1950685594131247,0.010097714462351186
2006-12-19 17:16:00,1.1407858931712316,0.009991555751947032
2006-12-19 17:17:00,1.1600561614185145,0.009886513103186008
2006-12-19 17:18:00,1.6117292866601027,0.009782574782753092
2006-12-19 17:19:00,1.2842721865976776,0.009679729180687274
2006-12-19 17:20:00,1.139766412120074,0.009577964809084717
2006-12-19 17:21:00,0.9859575911680074,0.00947727030081556
2006-12-19 17:22:00,0.920779918232181,0.009377634408254194
2006-12-19 17:23:00,0.8148819906808265,0.009279046002022902
2006-12-19 17:24:00,0.5146092462606587,0.009181494069748697
2006-12-19 17:25:00,0.7657671879614701,0.009084967714833237
2006-12-19 17:26:00,0.6920670124719815,0.008989456155235671
2006-12-19 17:27:00,0.6566798869159571,0.008894948722268281
2006-12-19 17:28:00,0.6724958247212132,0.008801434859404784
2006-12-19 17:29:00,0.9173461280534168,0.00870890412110116
2006-12-19 17:30:00,0.9468977881061428,0.00861734617162888
2006-12-19 17:31:00,0.9401195330940555,0.008526750783920395
2006-12-19 17:32:00,0.8567928977252448,0.008437107838426786
2006-12-19 17:33:00,0.849676129404999,0.008348407321987385
2006-12-19 17:34:00,0.8413381087123609,0.008260639326711314
2006-12-19 17:35:00,0.7941713119977035,0.00817379404887076
2006-12-19 17:36:00,0.7978434066550046,0.008087861787805892
2006-12-19 17:37:00,0.7756978402835912,0.008002832944841304
2006-12-19 17:38:00,0.8269551748258597,0.007918698022213832
2006-12-19 17:39:00,0.8401438520167828,0.007835447622011648
2006-12-19 17:40:00,0.7381703990426651,0.0077530724451245064
2006-12-19 17:41:00,0.7229355435353856,0.007671563290205033
2006-12-19 17:42:00,0.7280283574413678,0.007590911052640931
2006-12-19 17:43:00,0.7292992815266324,0.007511106723537992
2006-12-19 17:44:00,0.7139877684135975,0.00743214138871379
2006-12-19 17:45:00,0.6460557107079513,0.007354006227701971
2006-12-19 17:46:00,0.66064731606037,0.007276692512767
2006-12-19 17:47:00,0.6738073858348688,0.007200191607929272
2006-12-19 17:48:00,0.6777361884030513,0.0071244949680004605
2006-12-19 17:49:00,0.6685552353864985,0.007049594137629021
2006-12-19 17:50:00,0.6803505073683488,0.006975480750355727
2006-12-19 17:51:00,0.6632872678223733,0.006902146527679129
2006-12-19 17:52:00,0.6764275658821636,0.006829583278130844
2006-12-19 17:53:00,0.6685552353864985,0.006757782896360561
2006-12-19 17:54:00,0.6803505073683488,0.00668673736223067
2006-12-19 17:55:00,0.6803505073683488,0.006616438739920411
2006-12-19 17:56:00,0.6672397309034995,0.006546879177039438
2006-12-19 17:57:00,0.7011262115584741,0.0064780509037507044
2006-12-19 17:58:00,0.6855674906699786,0.006409946231902565
2006-12-19 17:59:00,0.7645219828004559,0.006342557554170013
2006-12-19 18:00:00,0.7545290523649575,0.006275877343204926
2006-12-19 18:01:00,0.7545290523649575,0.006209898150795267
2006-12-19 18:02:00,0.7432198287346645,0.006144612607033113
2006-12-19 18:03:00,0.7670115289076422,0.006080013419491433
2006-12-19 18:04:00,0.8015080554849655,0.006016093372409524
2006-12-19 18:05:00,0.7457391894418669,0.005952845325887001
2006-12-19 18:06:00,0.6724958247212132,0.005890262215086265
2006-12-19 18:07:00,0.9947731699521493,0.005828337049443359
2006-12-19 18:08:00,0.8173030532508712,0.0057670629118871265
2006-12-19 18:09:00,0.8063827352054063,0.0057064329580665644
2006-12-19 18:10:00,0.46793046406147926,0.005646440415586309
2006-12-19 18:11:00,0.41379647690576044,0.005587078583250149
2006-12-19 18:12:00,0.31937239149526114,0.005528340830312503
2006-12-19 18:13:00,0.3530537291218479,0.005470220595737763
2006-12-19 18:14:00,0.317750665365673,0.005412711387467425
2006-12-19 18:15:00,0.33389417250578335,0.00535580678169492
2006-12-19 18:16:00,0.324227687176806,0.005299500422148072
2006-12-19 18:17:00,0.31450224705179747,0.005243786019379101
2006-12-19 18:18:00,0.3047169636959738,0.005188657350062086
2006-12-19 18:19:00,0.30635203838021857,0.005134108256297818
2006-12-19 18:20:00,0.3290682444844632,0.0050801326449259575
2006-12-19 18:21:00,0.8027279568470667,0.005026724486844429
2006-12-19 18:22:00,1.011192760454199,0.004973877816335969
2006-12-19 18:23:00,0.903547202225099,0.004921586730401748
2006-12-19 18:24:00,0.9837472661139925,0.0048698453881020004
2006-12-19 18:25:00,0.9859575911680074,0.004818648009903594
2006-12-19 18:26:00,0.9837472661139925,0.00476798887703445
2006-12-19 18:27:00,0.9892682445132065,0.004717862330844762
2006-12-19 18:28:00,0.9947731699521493,0.00466826277217491
2006-12-19 18:29:00,0.9815343541800137,0.004619184660730036
2006-12-19 18:30:00,0.9804269258133343,0.00457062251446119
2006-12-19 18:31:00,0.9859575911680074,0.004522570908952984
2006-12-19 18:32:00,0.9881653367355653,0.004475024476817687
2006-12-19 18:33:00,0.9859575911680074,0.004427977907095674
2006-12-19 18:34:00,0.9848527515381122,0.004381425944662198
2006-12-19 18:35:00,0.9914721346405093,0.004335363389640383
2006-12-19 18:36:00,0.9903705101765945,0.004289785096820402
2006-12-19 18:37:00,1.0521670645144243,0.004244685975084752
2006-12-19 18:38:00,1.0585573501116223,0.004200060986839574
2006-12-19 18:39:00,0.7024165905432703,0.00415590514745195
2006-12-19 18:40:00,0.4649691469606916,0.004112213524693115
2006-12-19 18:41:00,0.45307065362643184,0.0040689812381875315
2006-12-19 18:42:00,0.42294347745119654,0.004026203458867744
2006-12-19 18:43:00,0.3030802014737404,0.003983875408434973
2006-12-19 18:44:00,0.30635203838021857,0.00394199235882537
2006-12-19 18:45:00,0.3096171421365428,0.003900549631681896
2006-12-19 18:46:00,0.2998015973106475,0.003859542597831749
2006-12-19 18:47:00,0.3030802014737404,0.0038189666767692804
2006-12-19 18:48:00,0.307985429781187,0.003778817336144347
2006-12-19 18:49:00,0.30635203838021857,0.003739090091256049
2006-12-19 18:50:00,0.3096171421365428,0.0036997805045517864
2006-12-19 18:51:00,0.36727494836482494,0.0036608841851315807
2006-12-19 18:52:00,0.37041825674281653,0.003622396788257611
2006-12-19 18:53:00,0.25654788865800926,0.0035843140148689055
2006-12-19 18:54:00,0.25486025687240044,0.003546631611101132
2006-12-19 18:55:00,0.5684078121974316,0.003509345367811438
2006-12-19 18:56:00,0.7406969027289239,0.0034724511201082893
2006-12-19 18:57:00,0.7632759119531743,0.003435944746886252
2006-12-19 18:58:00,0.9637370325599395,0.00339982217036566
2006-12-19 18:59:00,0.8472977139813288,0.003364079355637126
2006-12-19 19:00:00,0.7127058159965723,0.003328712310210837
2006-12-19 19:01:00,0.8603409482645901,0.0032937170835705964
2006-12-19 19:02:00,0.8732921430016543,0.0032590897667325474
2006-12-19 19:03:00,0.7756978402835912,0.003224826491808537
2006-12-19 19:04:00,0.7088543743473146,0.00319092343157407
2006-12-19 19:05:00,0.5246490778763803,0.0031573767990408083
2006-12-19 19:06:00,0.6340254086995679,0.0031241828470335627
2006-12-19 19:07:00,1.5163417936221304,0.0030913378677717286
2006-12-19 19:08:00,1.2719049027829856,0.0030588381924551264
2006-12-19 19:09:00,1.455249302364308,0.0030266801908541982
2006-12-19 19:10:00,1.0649264857519374,0.002994860270904505
2006-12-19 19:11:00,1.1701231445623297,0.002963374878305493
2006-12-19 19:12:00,1.2069318440117172,0.0029322204961234758
2006-12-19 19:13:00,1.4735034687954685,0.002901393644398792
2006-12-19 19:14:00,1.5441498542485579,0.0028708908797570928
2006-12-19 19:15:00,1.786360488977288,0.0028407087950247135
2006-12-19 19:16:00,1.785610568421786,0.0028108440188480918
2006-12-19 19:17:00,1.8020514445474778,0.0027812932153171844
2006-12-19 19:18:00,2.196811641604638,0.0027520530835928475
2006-12-19 19:19:00,2.2724024477875844,0.0027231203575381283
2006-12-19 19:20:00,1.7945931775501953,0.002694491805353437
2006-12-19 19:21:00,1.813192873173726,0.0026661642292155514
2006-12-19 19:22:00,1.4297776146817838,0.0026381344649204232
2006-12-19 19:23:00,1.8286993280964134,0.0026103993815297316
2006-12-19 19:24:00,2.135637293673873,0.002582955881021156
2006-12-19 19:25:00,1.7462654301026599,0.002555800897942324
2006-12-19 19:26:00,1.1930844414053157,0.0025289313990684015
2006-12-19 19:27:00,1.884669326162218,0.002502344383063281
2006-12-19 19:28:00,1.7796021891749012,0.0024760368801443264
2006-12-19 19:29:00,1.454376095596395,0.002450005951750651
2006-12-19 19:30:00,1.4691715590555354,0.002424248690214876
2006-12-19 19:31:00,1.6685908029967051,0.002398762218438347
2006-12-19 19:32:00,1.3923281596616448,0.002373543689569754
2006-12-19 19:33:00,1.5474960913934699,0.0023485902866871413
2006-12-19 19:34:00,0.8209286066363987,0.002323899222483255
2006-12-19 19:35:00,1.054299520331422,0.0022994677389541994
2006-12-19 19:36:00,1.1950685594131247,0.0022752931070913677
2006-12-19 19:37:00,0.6433895017715618,0.002251372626576608
2006-12-19 19:38:00,1.3106559679321719,0.0022277036254805985
2006-12-19 19:39:00,0.8756371408500045,0.00220428345996439
2006-12-19 19:40:00,1.0122823732175987,0.0021811095139840898
2006-12-19 19:41:00,1.1881154494838047,0.0021581791989986466
2006-12-19 19:42:00,0.6672397309034995,0.0021354899536807103
2006-12-19 19:43:00,1.2785736025368664,0.0021130392436305295
2006-12-19 19:44:00,0.7682550071064211,0.0020908245610928586
2006-12-19 19:45:00,1.0166345996799775,0.0020688434246768396
2006-12-19 19:46:00,1.0649264857519374,0.0020470933790788315
2006-12-19 19:47:00,0.7127058159965723,0.0020255719948081494
2006-12-19 19:48:00,1.270950432581842,0.0020042768679156896
2006-12-19 19:49:00,0.5933090553143695,0.0019832056197254077
2006-12-19 19:50:00,1.1560149259864758,0.0019623558965686195
2006-12-19 19:51:00,0.8826542844724579,0.0019417253695210952
2006-12-19 19:52:00,0.9012373766984982,0.0019213117341429179
2006-12-19 19:53:00,1.169118754754272,0.001901112710221075
2006-12-19 19:54:00,0.6764275658821636,0.0018811260415147575
2006-12-19 19:55:00,1.3022127613981096,0.001861349495503337
2006-12-19 19:56:00,0.7469975366592582,0.0018417808631369936
2006-12-19 19:57:00,1.0638664246243967,0.0018224179585899633
2006-12-19 19:58:00,1.011192760454199,0.001803258619016379
2006-12-19 19:59:00,0.8002873309074094,0.0017843007043086803
2006-12-19 20:00:00,1.234341319507072,0.001765542096858562
2006-12-19 20:01:00,0.5836682727570913,0.0017469807013204364
2006-12-19 20:02:00,1.2089021988937898,0.001728614444377384
2006-12-19 20:03:00,0.7682550071064211,0.0017104412745095599
2006-12-19 20:04:00,1.0220609425079419,0.0016924591617650398
2006-12-19 20:05:00,0.9804269258133343,0.0016746660975330734
2006-12-19 20:06:00,0.79539617315203,0.0016570600943197214
2006-12-19 20:07:00,1.1811378682041764,0.0016396391855258514
2006-12-19 20:08:00,0.5059556720097939,0.0016224014252274673
2006-12-19 20:09:00,1.169118754754272,0.0016053448879583495
2006-12-19 20:10:00,0.7280283574413678,0.0015884676684949786
2006-12-19 20:11:00,0.9502777425953641,0.001571767881643722
2006-12-19 20:12:00,0.9881653367355653,0.0015552436620302557
2006-12-19 20:13:00,0.6566798869159571,0.0015388931638912026
2006-12-19 20:14:00,1.2108706066572765,0.001522714560867958
2006-12-19 20:15:00,0.7139877684135975,0.0015067060458026859
2006-12-19 20:16:00,1.0253093547565102,0.0014908658305364574
2006-12-19 20:17:00,1.0446847694171657,0.0014751921457095134
2006-12-19 20:18:00,0.6527034112812014,0.0014596832405636261
2006-12-19 20:19:00,1.102706554461265,0.0014443373827465386
2006-12-19 20:20:00,0.09298159140509911,0.0014291528581184597
2006-12-19 20:21:00,0.2766589613378701,0.001414127970560594
2006-12-19 20:22:00,0.8603409482645901,0.0013992610417856842
2006-12-19 20:23:00,0.9502777425953641,0.0013845504111505464
2006-12-19 20:24:00,0.9670868552155001,0.0013699944354705748
2006-12-19 20:25:00,-0.21094524718989677,0.0013555914888361976
2006-12-19 20:26:00,0.44708914200154776,0.001341339962431262
2006-12-19 20:27:00,0.75828294213284,0.0013272382643533288
2006-12-19 20:28:00,1.2000202000009232,0.0013132848194358552
2006-12-19 20:29:00,-0.036456485993933245,0.001299478069072249
2006-12-19 20:30:00,-0.18332847363387575,0.001285816471041771
2006-12-19 20:31:00,-0.17198446208634027,0.0012722984993372684
2006-12-19 20:32:00,-0.06965959952769553,0.0012589226439947184
2006-12-19 20:33:00,-0.11662390942816617,0.0012456874109245662
2006-12-19 20:34:00,-0.08655686399144819,0.0012325913217448325
2006-12-19 20:35:00,-0.12097238361146773,0.0012196329136159785
2006-12-19 20:36:00,-0.08868330704216437,0.0012068107390775054
2006-12-19 20:37:00,-0.29489054147276383,0.0011941233658862732
2006-12-19 20:38:00,-0.33256358633534006,0.0011815693768565184
2006-12-19 20:39:00,-0.3023389681789093,0.001169147369701553
2006-12-19 20:40:00,-0.31233639597441404,0.0011568559568771284
2006-12-19 20:41:00,-0.3173638776644086,0.0011446937654264462
2006-12-19 20:42:00,-0.30982988075879914,0.0011326594368267985
2006-12-19 20:43:00,-0.3402305643657658,0.001120751626837821
2006-12-19 20:44:00,-0.31233639597441404,0.0011089690053513392
2006-12-19 20:45:00,-0.3845585769987426,0.001097310256242795
2006-12-19 20:46:00,-0.43323608768489835,0.0010857740772242353
2006-12-19 20:47:00,-0.44988923270686565,0.0010743591796988456
2006-12-19 20:48:00,-0.43323608768489835,0.0010630642886170138
2006-12-19 20:49:00,-0.46393872377811374,0.001051888142333906
2006-12-19 20:50:00,-0.44153494471362986,0.00104082949246854
2006-12-19 20:51:00,-0.4667677883492536,0.0010298871037643402
2006-12-19 20:52:00,-0.44988923270686565,0.0010190597539511594
2006-12-19 20:53:00,-0.4696033251085662,0.001008346233608751
2006-12-19 20:54:00,-0.44988923270686565,0.0009977453460316762
2006-12-19 20:55:00,-0.42773386980113215,0.0009872559070956298
2006-12-19 20:56:00,-0.3376698690483053,0.0009768767451251745
2006-12-19 20:57:00,-0.1231517142374705,0.0009666067007628637
2006-12-19 20:58:00,0.7305692970490667,0.000956444626839741
2006-12-19 20:59:00,0.3907022452437562,0.0009463893882472005
2006-12-19 21:00:00,0.31124717966699417,0.0009364398618101948
2006-12-19 21:01:00,-0.03235984622045784,0.0009265949361617758
2006-12-19 21:02:00,-0.014068169196124561,0.0009168535116189542
2006-12-19 21:03:00,-0.036456485993933245,0.0009072145000598647
2006-12-19 21:04:00,0.011950645358894233,0.0008976768248022223
2006-12-19 21:05:00,-0.006012464125561325,0.0008882394204830562
2006-12-19 21:06:00,-0.012050026512496387,0.0008789012329397082
2006-12-19 21:07:00,-0.03031590607659275,0.0008696612190920822
2006-12-19 21:08:00,0.09860317913879837,0.0008605183468261316
2006-12-19 21:09:00,-0.25585953190413996,0.0008514715948785719
2006-12-19 21:10:00,-0.20398828165641017,0.0008425199527228053
2006-12-19 21:11:00,-0.21327219589421303,0.0008336624204560439
2006-12-19 21:12:00,-0.22262024142247816,0.0008248980086876199
2006-12-19 21:13:00,-0.2086222897130787,0.0008162257384284705
2006-12-19 21:14:00,-0.23203351416328413,0.0008076446409817847
2006-12-19 21:15:00,-0.21094524718989677,0.0007991537578347992
2006-12-19 21:16:00,-0.12097238361146773,0.0007907521405517313
2006-12-19 21:17:00,-0.12097238361146773,0.0007824388506678392
2006-12-19 21:18:00,-0.14071034140413907,0.0007742129595845947
2006-12-19 21:19:00,-0.1231517142374705,0.0007660735484659578
2006-12-19 21:20:00,-0.14735253932075104,0.0007580197081357428
2006-12-19 21:21:00,-0.14957371054249263,0.0007500505389760629
2006-12-19 21:22:00,-0.18560860741897953,0.0007421651508268423
2006-12-19 21:23:00,-0.20398828165641017,0.0007343626628863844
2006-12-19 21:24:00,-0.3198848896377966,0.0007266422036129869
2006-12-19 21:25:00,-0.2924170723376342,0.0007190029106275897
2006-12-19 21:26:00,-0.3173638776644086,0.0007114439306174456
2006-12-19 21:27:00,-0.29489054147276383,0.0007039644192408064
2006-12-19 21:28:00,-0.3198848896377966,0.0006965635410326091
2006-12-19 21:29:00,-0.3023389681789093,0.000689240469311154
2006-12-19 21:30:00,-0.33001795059709,0.0006819943860857636
2006-12-19 21:31:00,-0.3073281525791432,0.0006748244819654131
2006-12-19 21:32:00,-0.3402305643657658,0.0006677299560683204
2006-12-19 21:33:00,-0.27279438659181987,0.0006607100159324879
2006-12-19 21:34:00,-0.25345774803545995,0.000653763877427184
2006-12-19 21:35:00,-0.44709825501893036,0.0006468907646653551
2006-12-19 21:36:00,-0.49542051729206954,0.000640089909916959
2006-12-19 21:37:00,-0.3148477207215276,0.0006333605535232081
2006-12-19 21:38:00,-0.3173638776644086,0.0006267019438117162
2006-12-19 21:39:00,-0.3198848896377966,0.000620113337012536
2006-12-19 21:40:00,-0.3198848896377966,0.0006135939971750797
2006-12-19 21:41:00,-0.35570204419776413,0.0006071431960859126
2006-12-19 21:42:00,-0.403267011374756,0.0006007602131874115
2006-12-19 21:43:00,-0.4696033251085662,0.0005944443354972781
2006-12-19 21:44:00,-0.5856618266286875,0.000588194857528899
2006-12-19 21:45:00,-0.8438230388467177,0.000582011081212542
2006-12-19 21:46:00,-0.805240873678182,0.0005758923158173812
2006-12-19 21:47:00,-0.8517085102633432,0.0005698378778743422
2006-12-19 21:48:00,-0.6564828303896213,0.0005638470910997583
2006-12-19 21:49:00,-0.6498638115972488,0.0005579192863198292
2006-12-19 21:50:00,-0.6269903067950648,0.0005520538013958745
2006-12-19 21:51:00,-0.6598066219533768,0.0005462499811503721
2006-12-19 21:52:00,-0.6334798223000047,0.0005405071772937741
2006-12-19 21:53:00,-0.6598066219533768,0.0005348247483520931
2006-12-19 21:54:00,-0.6334798223000047,0.000529202059595249
2006-12-19 21:55:00,-0.6631400248273148,0.0005236384829661698
2006-12-19 21:56:00,-0.6269903067950648,0.0005181333970106365
2006-12-19 21:57:00,-0.6935846999099294,0.0005126861868078671
2006-12-19 21:58:00,-0.6598066219533768,0.0005072962439018291
2006-12-19 21:59:00,-0.697018107591007,0.0005019629662332756
2006-12-19 22:00:00,-0.6765711281976872,0.0004966857580724934
2006-12-19 22:01:00,-0.7073810900571623,0.0004914640299527612
2006-12-19 22:02:00,-0.8166714893002668,0.00048629719860450536
2006-12-19 22:03:00,-0.8879358898081304,0.000481184686890148
2006-12-19 22:04:00,-0.8517085102633432,0.0004761259237396411
2006-12-19 22:05:00,-0.8716815260448119,0.00047112034408667707
2006-12-19 22:06:00,-0.8716815260448119,0.00046616738880557115
2006-12-19 22:07:00,-0.8517085102633432,0.00046126650464880647
2006-12-19 22:08:00,-0.8879358898081304,0.0004564171441852362
2006-12-19 22:09:00,-0.8517085102633432,0.000451618765738935
2006-12-19 22:10:00,-0.8879358898081304,0.0004468708333286937
2006-12-19 22:11:00,-0.8014572414861816,0.00044217281660814987
2006-12-19 22:12:00,-0.7354900653065994,0.0004375241908065481
2006-12-19 22:13:00,-0.7004619232814571,0.0004329244366701226
2006-12-19 22:14:00,-0.824359487306726,0.0004283730404040963
2006-12-19 22:15:00,-0.8128478832685097,0.00042386949361529
2006-12-19 22:16:00,-0.8556732040962096,0.0004194132932553342
2006-12-19 22:17:00,-0.824359487306726,0.00041500394156447867
2006-12-19 22:18:00,-0.8636471800037614,0.0004106409460159923
2006-12-19 22:19:00,-0.824359487306726,0.0004063238192611476
2006-12-19 22:20:00,-0.8596527152232433,0.00040205207907478374
2006-12-19 22:21:00,-0.9170018902953639,0.0003978252483014416
2006-12-19 22:22:00,-0.9512499560953556,0.0003936428548020656
2006-12-19 22:23:00,-0.8321026635879343,0.0003895044314012651
2006-12-19 22:24:00,-1.0094832973707242,0.0003854095158351309
2006-12-19 22:25:00,-0.9732518152385743,0.0003813576506996001
2006-12-19 22:26:00,-0.9212212277613084,0.0003773483833993638
2006-12-19 22:27:00,-0.7462152790485014,0.00037338126609731237
2006-12-19 22:28:00,-0.7864526005989804,0.00036945585566451123
2006-12-19 22:29:00,-0.757044761255252,0.00036557171363070344
2006-12-19 22:30:00,-0.7976867078468626,0.00036172840613533236
2006-12-19 22:31:00,-0.7643235824930255,0.0003579255038790791
2006-12-19 22:32:00,-0.8014572414861816,0.0003541625820759098
2006-12-19 22:33:00,-0.7716506325207008,0.0003504392204056266
2006-12-19 22:34:00,-0.805240873678182,0.0003467550029669177
2006-12-19 22:35:00,-0.7679810299990184,0.00034310951823090103
2006-12-19 22:36:00,-0.7827333707991583,0.0003395023589951564
2006-12-19 22:37:00,-0.7976867078468626,0.0003359331223382405
2006-12-19 22:38:00,-0.7716506325207008,0.0003324014095746808
2006-12-19 22:39:00,-0.805240873678182,0.00032890682621044155
2006-12-19 22:40:00,-0.8596527152232433,0.0003254489818988593
2006-12-19 22:41:00,-1.0094832973707242,0.0003220274903970405
2006-12-19 22:42:00,-0.9643938505839121,0.0003186419695227182
2006-12-19 22:43:00,-1.0048820551045385,0.00031529204111156224
2006-12-19 22:44:00,-0.9643938505839121,0.00031197733097493757
2006-12-19 22:45:00,-1.0048820551045385,0.0003086974688581079
2006-12-19 22:46:00,-0.9599936805152184,0.0003054520883988775
2006-12-19 22:47:00,-1.0003019334918561,0.00030224082708666864
2006-12-19 22:48:00,-0.9777100237214547,0.000299063326222029
2006-12-19 22:49:00,-1.023416171386933,0.00029591923087656457
2006-12-19 22:50:00,-0.8636471800037614,0.0002928081898532942
2006-12-19 22:51:00,-0.8517085102633432,0.0002897298556474206
2006-12-19 22:52:00,-0.8090377164268954,0.00028668388440751395
2006-12-19 22:53:00,-0.8438230388467177,0.00028366993589710337
2006-12-19 22:54:00,-0.8128478832685097,0.00028068767345667254
2006-12-19 22:55:00,-0.8477584993338565,0.0002777367639660546
2006-12-19 22:56:00,-0.507071284674614,0.0002748168778072224
2006-12-19 22:57:00,-0.5307121416781337,0.00027192768882747015
2006-12-19 22:58:00,-0.5100014066077785,0.0002690688743029818
2006-12-19 22:59:00,-0.7108565991540253,0.00026624011490278287
2006-12-19 23:00:00,-0.18789255442170383,0.00026344109465307065
2006-12-19 23:01:00,-0.04262349841323066,0.00026067150090192023
2006-12-19 23:02:00,-0.026236734495026313,0.000257931024284361
2006-12-19 23:03:00,-0.04262349841323066,0.00025521935868782033
2006-12-19 23:04:00,-0.024201482913763245,0.0002525362012179304
2006-12-19 23:05:00,0.06837292408654852,0.00024988125216469513
2006-12-19 23:06:00,0.07408816786163568,0.00024725421496901245
2006-12-19 23:07:00,0.058798169667185145,0.0002446547961895484
2006-12-19 23:08:00,-0.10581154912613308,0.00024208270546995943
2006-12-19 23:09:00,-0.03235984622045784,0.0002395376555064596
2006-12-19 23:10:00,0.051093384929068314,0.0002370193620157286
2006-12-19 23:11:00,-0.04881722373793722,0.00023452754370315712
2006-12-19 23:12:00,-0.7679810299990184,0.0002320619222314262
2006-12-19 23:13:00,-0.5825418527795492,0.0002296222221894168
2006-12-19 23:14:00,-0.7864526005989804,0.00022720817106144621
2006-12-19 23:15:00,-0.7498133986809175,0.00022481949919682777
2006-12-19 23:16:00,-0.7827333707991583,0.000222455939779751
2006-12-19 23:17:00,-0.8757216902297233,0.000220117228799478
2006-12-19 23:18:00,-1.05671244103263,0.00021780310502085337
2006-12-19 23:19:00,-1.186045520603325,0.0002155133099551242
2006-12-19 23:20:00,-1.2432915118505183,0.00021324758783106655
2006-12-19 23:21:00,-1.1012678335630783,0.00021100568556641581
2006-12-19 23:22:00,-1.023416171386933,0.00020878735273959723
2006-12-19 23:23:00,-0.9777100237214547,0.00020659234156175378
2006-12-19 23:24:00,-1.0187501087632207,0.00020442040684906797
2006-12-19 23:25:00,-0.9732518152385743,0.00020227130599537475
2006-12-19 23:26:00,-1.0141059004215662,0.00020014479894506218
2006-12-19 23:27:00,-0.9688131604294727,0.00019804064816625726
2006-12-19 23:28:00,-1.0094832973707242,0.0001959586186242933
2006-12-19 23:29:00,-0.8205086512100563,0.0001938984777554565
2006-12-19 23:30:00,-0.8517085102633432,0.0001918599954410086
2006-12-19 23:31:00,-0.8166714893002668,0.00018984294398148238
2006-12-19 23:32:00,-0.8517085102633432,0.00018784709807124765
2006-12-19 23:33:00,-0.8166714893002668,0.00018587223477334425
2006-12-19 23:34:00,-0.8596527152232433,0.00018391813349458006
2006-12-19 23:35:00,-0.8321026635879343,0.0001819845759608907
2006-12-19 23:36:00,-0.8596527152232433,0.000180071346192958
2006-12-19 23:37:00,-0.8596527152232433,0.00017817823048208524
2006-12-19 23:38:00,-0.9821879981954489,0.0001763050173663256
2006-12-19 23:39:00,-1.0423041079730269,0.00017445149760686186
2006-12-19 23:40:00,-0.9957426966698534,0.00017261746416463426
2006-12-19 23:41:00,-1.032814878556424,0.00017080271217721418
2006-12-19 23:42:00,-0.9912041129406451,0.00016900703893592088
2006-12-19 23:43:00,-0.8961582749790186,0.00016723024386317882
2006-12-19 23:44:00,-0.7679810299990184,0.0001654721284901131
2006-12-19 23:45:00,-0.8128478832685097,0.00016373249643438048
2006-12-19 23:46:00,-0.9002938041478282,0.00016201115337823323
2006-12-19 23:47:00,-0.9777100237214547,0.00016030790704681366
2006-12-19 23:48:00,-0.9425804131245492,0.00015862256718667705
2006-12-19 23:49:00,-0.9866859546710584,0.0001569549455445403
2006-12-19 23:50:00,-0.9425804131245492,0.00015530485584625396
2006-12-19 23:51:00,-0.9866859546710584,0.00015367211377599526
2006-12-19 23:52:00,-0.9469060082705337,0.00015205653695567976
2006-12-19 23:53:00,-0.9912041129406451,0.0001504579449245898
2006-12-19 23:54:00,-0.9512499560953556,0.00014887615911921709
2006-12-19 23:55:00,-0.9957426966698534,0.00014731100285331693
2006-12-19 23:56:00,-0.9821879981954489,0.00014576230129817225
2006-12-19 23:57:00,-1.2492219551032042,0.0001442298814630651
2006-12-19 23:58:00,-1.1972090710886905,0.00014271357217595363
2006-12-19 23:59:00,-1.2492219551032042,0.00014121320406435212
2006-12-20 00:00:00,-1.1972090710886905,0.00013972860953641184
2006-12-20 00:01:00,-1.2492219551032042,0.00013825962276220105
2006-12-20 00:02:00,-1.1972090710886905,0.0001368060796551817
2006-12-20 00:03:00,-1.2492219551032042,0.00013536781785388093
2006-12-20 00:04:00,-1.2028424962923248,0.00013394467670375514
2006-12-20 00:05:00,-1.2551922671134537,0.00013253649723924483
2006-12-20 00:06:00,-1.1972090710886905,0.00013114312216601807
2006-12-20 00:07:00,-1.21995575469463,0.00012976439584340063
2006-12-20 00:08:00,-1.0281043418826676,0.00012840016426699086
2006-12-20 00:09:00,-1.0003019334918561,0.00012705027505145728
2006-12-20 00:10:00,-1.0470833420184267,0.0001257145774135172
2006-12-20 00:11:00,-1.0003019334918561,0.000124392922155094
2006-12-20 00:12:00,-1.0470833420184267,0.00012308516164665176
2006-12-20 00:13:00,-1.0094832973707242,0.00012179114981070482
2006-12-20 00:14:00,-1.0518860251098086,0.00012051074210550095
2006-12-20 00:15:00,-1.0094832973707242,0.00011924379550887593
2006-12-20 00:16:00,-1.0812108394363908,0.00011799016850227791
2006-12-20 00:17:00,-1.186045520603325,0.00011674972105495982
2006-12-20 00:18:00,-1.2374002915711906,0.00011552231460833774
2006-12-20 00:19:00,-1.186045520603325,0.00011430781206051386
2006-12-20 00:20:00,-1.2432915118505183,0.00011310607775096212
2006-12-20 00:21:00,-1.1480060159701069,0.00011191697744537491
2006-12-20 00:22:00,-0.9688131604294727,0.00011074037832066909
2006-12-20 00:23:00,-0.9339835289826487,0.00010957614895014945
2006-12-20 00:24:00,-0.9821879981954489,0.00010842415928882833
2006-12-20 00:25:00,-0.9425804131245492,0.0001072842806588996
2006-12-20 00:26:00,-0.9866859546710584,0.00010615638573536519
2006-12-20 00:27:00,-0.9469060082705337,0.00010504034853181286
2006-12-20 00:28:00,-0.9957426966698534,0.00010393604438634351
2006-12-20 00:29:00,-0.9599936805152184,0.00010284334994764632
2006-12-20 00:30:00,-1.0094832973707242,0.00010176214316122042
2006-12-20 00:31:00,-0.9688131604294727,0.00010069230325574124
2006-12-20 00:32:00,-1.0094832973707242,9.96337107295703e-05
2006-12-20 00:33:00,-0.9688131604294727,9.858624733740688e-05
2006-12-20 00:34:00,-1.0094832973707242,9.754979607708007e-05
2006-12-20 00:35:00,-1.1533455972471371,9.652424117647938e-05
2006-12-20 00:36:00,-1.261203110755606,9.550946808062296e-05
2006-12-20 00:37:00,-1.2028424962923248,9.45053634388618e-05
2006-12-20 00:38:00,-1.2142152898605953,9.351181509221846e-05
2006-12-20 00:39:00,-1.2432915118505183,9.25287120608588e-05
2006-12-20 00:40:00,-1.2028424962923248,9.155594453169552e-05
2006-12-20 00:41:00,-1.2551922671134537,9.059340384612185e-05
2006-12-20 00:42:00,-1.2028424962923248,8.964098248787445e-05
2006-12-20 00:43:00,-1.2551922671134537,8.869857407102381e-05
2006-12-20 00:44:00,-1.2028424962923248,8.776607332809086e-05
2006-12-20 00:45:00,-1.2551922671134537,8.684337609828852e-05
2006-12-20 00:46:00,-1.2028424962923248,8.59303793158869e-05
2006-12-20 00:47:00,-1.2551922671134537,8.502698099870078e-05
2006-12-20 00:48:00,-0.9688131604294727,8.413308023669819e-05
2006-12-20 00:49:00,-1.0518860251098086,8.32485771807287e-05
2006-12-20 00:50:00,-1.0048820551045385,8.237337303137023e-05
2006-12-20 00:51:00,-1.0518860251098086,8.150737002789312e-05
2006-12-20 00:52:00,-1.0048820551045385,8.065047143734013e-05
2006-12-20 00:53:00,-1.0518860251098086,7.980258154372143e-05
2006-12-20 00:54:00,-1.0187501087632207,7.896360563732299e-05
2006-12-20 00:55:00,-1.066437634191864,7.81334500041275e-05
2006-12-20 00:56:00,-1.1063484745938141,7.73120219153465e-05
2006-12-20 00:57:00,-1.2551922671134537,7.649922961706242e-05
2006-12-20 00:58:00,-1.2028424962923248,7.569498231997976e-05
2006-12-20 00:59:00,-1.2551922671134537,7.48991901892838e-05
2006-12-20 01:00:00,-1.0375480445513814,7.411176433460597e-05
2006-12-20 01:01:00,-0.9732518152385743,7.333261680009481e-05
2006-12-20 01:02:00,-0.9339835289826487,7.256166055459134e-05
2006-12-20 01:03:00,-0.9777100237214547,7.179880948190754e-05
2006-12-20 01:04:00,-0.9382729819180982,7.104397837120709e-05
2006-12-20 01:05:00,-0.9777100237214547,7.029708290748733e-05
2006-12-20 01:06:00,-0.9382729819180982,6.955803966216121e-05
2006-12-20 01:07:00,-0.9688131604294727,6.882676608373832e-05
2006-12-20 01:08:00,-0.955612448479188,6.810318048860389e-05
2006-12-20 01:09:00,-0.9469060082705337,6.738720205189457e-05
2006-12-20 01:10:00,-0.9821879981954489,6.66787507984703e-05
2006-12-20 01:11:00,-0.9469060082705337,6.597774759398106e-05
2006-12-20 01:12:00,-0.9912041129406451,6.528411413602757e-05
2006-12-20 01:13:00,-1.023416171386933,6.459777294541479e-05
2006-12-20 01:14:00,-1.2374002915711906,6.391864735749749e-05
2006-12-20 01:15:00,-1.186045520603325,6.324666151361676e-05
2006-12-20 01:16:00,-1.2432915118505183,6.25817403526266e-05
2006-12-20 01:17:00,-1.186045520603325,6.192380960250955e-05
2006-12-20 01:18:00,-1.2432915118505183,6.127279577208044e-05
2006-12-20 01:19:00,-1.1916102511984117,6.062862614277737e-05
2006-12-20 01:20:00,-1.2432915118505183,5.999122876053906e-05
2006-12-20 01:21:00,-1.1916102511984117,5.9360532427767484e-05
2006-12-20 01:22:00,-1.2432915118505183,5.8736466695375164e-05
2006-12-20 01:23:00,-1.1916102511984117,5.8118961854915894e-05
2006-12-20 01:24:00,-1.2492219551032042,5.750794893079828e-05
2006-12-20 01:25:00,-1.1916102511984117,5.690335967258115e-05
2006-12-20 01:26:00,-1.2374002915711906,5.630512654734992e-05
2006-12-20 01:27:00,-1.1805143754256116,5.57131827321732e-05
2006-12-20 01:28:00,-1.0911869042900113,5.512746210663857e-05
2006-12-20 01:29:00,-0.9957426966698534,5.454789924546694e-05
2006-12-20 01:30:00,-1.032814878556424,5.397442941120447e-05
2006-12-20 01:31:00,-0.8757216902297233,5.34069885469914e-05
2006-12-20 01:32:00,-0.8517085102633432,5.284551326940686e-05
2006-12-20 01:33:00,-0.8205086512100563,5.2289940861388934e-05
2006-12-20 01:34:00,0.2683106521482942,5.174020926522911e-05
2006-12-20 01:35:00,0.4485865528587043,5.119625707564039e-05
2006-12-20 01:36:00,0.41226699233328495,5.06580235328983e-05
2006-12-20 01:37:00,0.3875981048304631,5.0125448516053994e-05
2006-12-20 01:38:00,0.37512178229446064,4.959847253621875e-05
2006-12-20 01:39:00,0.4395816220732733,4.907703672991899e-05
2006-12-20 01:40:00,0.4545626532762274,4.856108285252124e-05
2006-12-20 01:41:00,0.4350606275302814,4.805055327172613e-05
2006-12-20 01:42:00,0.45157730566731935,4.7545390961130874e-05
2006-12-20 01:43:00,0.4380760035943654,4.704553949385937e-05
2006-12-20 01:44:00,0.44708914200154776,4.655094303625932e-05
2006-12-20 01:45:00,0.42901323190439283,4.6061546341665544e-05
2006-12-20 01:46:00,0.4440902362825587,4.5577294744228936e-05
2006-12-20 01:47:00,0.4305271690642595,4.509813415281024e-05
2006-12-20 01:48:00,0.44559037081966363,4.462401104493806e-05
2006-12-20 01:49:00,0.42598116218397364,4.415487246083036e-05
2006-12-20 01:50:00,0.4350606275302814,4.3690665997478836e-05
2006-12-20 01:51:00,0.40920372136373534,4.323133980279548e-05
2006-12-20 01:52:00,0.37668658873730804,4.277684256982066e-05
2006-12-20 01:53:00,0.34030617268631536,4.232712353099212e-05
2006-12-20 01:54:00,0.3593897779183681,4.188213245247423e-05
2006-12-20 01:55:00,0.32099246777329277,4.144181962854682e-05
2006-12-20 01:56:00,0.3030802014737404,4.100613587605303e-05
2006-12-20 01:57:00,0.28992483606142905,4.057503252890553e-05
2006-12-20 01:58:00,0.2998015973106475,4.014846143265051e-05
2006-12-20 01:59:00,0.28330585443987916,3.972637493908881e-05
2006-12-20 02:00:00,0.29487092717246133,3.930872590095356e-05
2006-12-20 02:01:00,0.2849632053219624,3.889546766664379e-05
2006-12-20 02:02:00,-0.6237590316553263,3.848655407501348e-05
2006-12-20 02:03:00,-1.2432915118505183,3.8081939450215324e-05
2006-12-20 02:04:00,-1.186045520603325,3.76815785965987e-05
2006-12-20 02:05:00,-1.2374002915711906,3.728542679366129e-05
2006-12-20 02:06:00,-1.1805143754256116,3.689343979105379e-05
2006-12-20 02:07:00,-1.2374002915711906,3.650557380363711e-05
2006-12-20 02:08:00,-1.1805143754256116,3.612178550659158e-05
2006-12-20 02:09:00,-1.0615628790783165,3.574203203057753e-05
2006-12-20 02:10:00,-1.0187501087632207,3.536627095694677e-05
2006-12-20 02:11:00,-0.9912041129406451,3.499446031300437e-05
2006-12-20 02:12:00,-1.0375480445513814,3.462655856732035e-05
2006-12-20 02:13:00,-0.9912041129406451,3.4262524625090554e-05
2006-12-20 02:14:00,-1.0375480445513814,3.390231782354636e-05
2006-12-20 02:15:00,-0.9957426966698534,3.354589792741262e-05
2006-12-20 02:16:00,-1.0423041079730269,3.3193225124413366e-05
2006-12-20 02:17:00,-1.0470833420184267,3.2844260020824776e-05
2006-12-20 02:18:00,-0.9643938505839121,3.249896363707484e-05
2006-12-20 02:19:00,-0.9170018902953639,3.215729740338933e-05
2006-12-20 02:20:00,-0.9688131604294727,3.181922315548355e-05
2006-12-20 02:21:00,-0.9339835289826487,3.148470313029939e-05
2006-12-20 02:22:00,-0.9732518152385743,3.1153699961787145e-05
2006-12-20 02:23:00,-0.9339835289826487,3.0826176676731695e-05
2006-12-20 02:24:00,-0.9821879981954489,3.0502096690622597e-05
2006-12-20 02:25:00,-0.9469060082705337,3.018142380356759e-05
2006-12-20 02:26:00,-0.9866859546710584,2.9864122196249024e-05
2006-12-20 02:27:00,-0.9469060082705337,2.955015642592285e-05
2006-12-20 02:28:00,-0.9912041129406451,2.923949142245963e-05
2006-12-20 02:29:00,-0.9469060082705337,2.8932092484427194e-05
2006-12-20 02:30:00,-1.0141059004215662,2.8627925275214458e-05
2006-12-20 02:31:00,-1.186045520603325,2.8326955819196035e-05
2006-12-20 02:32:00,-1.23154766497248,2.8029150497937123e-05
2006-12-20 02:33:00,-1.1805143754256116,2.7734476046438318e-05
2006-12-20 02:34:00,-1.2374002915711906,2.7442899549419883e-05
2006-12-20 02:35:00,-1.1805143754256116,2.7154388437645115e-05
2006-12-20 02:36:00,-1.2432915118505183,2.6868910484282333e-05
2006-12-20 02:37:00,-1.186045520603325,2.6586433801305125e-05
2006-12-20 02:38:00,-1.2374002915711906,2.6306926835930437e-05
2006-12-20 02:39:00,-1.186045520603325,2.603035836709412e-05
2006-12-20 02:40:00,-1.2028424962923248,2.575669750196353e-05
2006-12-20 02:41:00,-1.23154766497248,2.5485913672486777e-05
2006-12-20 02:42:00,-1.186045520603325,2.521797663197823e-05
2006-12-20 02:43:00,-1.2374002915711906,2.4952856451739987e-05
2006-12-20 02:44:00,-1.1805143754256116,2.4690523517718806e-05
2006-12-20 02:45:00,-1.2374002915711906,2.4430948527198214e-05
2006-12-20 02:46:00,-1.1805143754256116,2.417410248552537e-05
2006-12-20 02:47:00,-1.2374002915711906,2.3919956702872328e-05
2006-12-20 02:48:00,-1.186045520603325,2.3668482791031408e-05
2006-12-20 02:49:00,-1.2374002915711906,2.3419652660244196e-05
2006-12-20 02:50:00,-1.186045520603325,2.3173438516063908e-05
2006-12-20 02:51:00,-1.0281043418826676,2.292981285625074e-05
2006-12-20 02:52:00,-0.9957426966698534,2.2688748467699857e-05
2006-12-20 02:53:00,-1.0375480445513814,2.2450218423401656e-05
2006-12-20 02:54:00,-0.9957426966698534,2.2214196079434032e-05
2006-12-20 02:55:00,-1.0375480445513814,2.198065507198623e-05
2006-12-20 02:56:00,-0.8716815260448119,2.1749569314414e-05
2006-12-20 02:57:00,-0.8090377164268954,2.1520912994325677e-05
2006-12-20 02:58:00,-0.7827333707991583,2.129466057069896e-05
2006-12-20 02:59:00,-0.9254578301976633,2.107078677102794e-05
2006-12-20 03:00:00,-0.9339835289826487,2.0849266588500176e-05
2006-12-20 03:01:00,-0.9599936805152184,2.0630075279203414e-05
2006-12-20 03:02:00,-0.9170018902953639,2.0413188359361666e-05
2006-12-20 03:03:00,-0.9643938505839121,2.0198581602600365e-05
2006-12-20 03:04:00,-0.9297118716523185,1.9986231037240268e-05
2006-12-20 03:05:00,-0.9912041129406451,1.9776112943619814e-05
2006-12-20 03:06:00,-0.9512499560953556,1.956820385144563e-05
2006-12-20 03:07:00,-0.9912041129406451,1.9362480537170875e-05
2006-12-20 03:08:00,-0.9469060082705337,1.915892002140116e-05
2006-12-20 03:09:00,-1.142696802149901,1.8957499566327743e-05
2006-12-20 03:10:00,-1.1972090710886905,1.87581966731877e-05
2006-12-20 03:11:00,-1.1805143754256116,1.8560989079750812e-05
2006-12-20 03:12:00,-1.23154766497248,1.836585475783287e-05
2006-12-20 03:13:00,-1.1750163235393911,1.8172771910835088e-05
2006-12-20 03:14:00,-1.23154766497248,1.798171897130942e-05
2006-12-20 03:15:00,-1.1750163235393911,1.779267459854949e-05
2006-12-20 03:16:00,-1.21995575469463,1.760561767620679e-05
2006-12-20 03:17:00,-1.1587159749257776,1.7420527309932016e-05
2006-12-20 03:18:00,-1.2142152898605953,1.7237382825041115e-05
2006-12-20 03:19:00,-1.1641175876759953,1.7056163764205942e-05
2006-12-20 03:20:00,-1.21995575469463,1.687684988516915e-05
2006-12-20 03:21:00,-1.1641175876759953,1.669942115848313e-05
2006-12-20 03:22:00,-1.21995575469463,1.65238577652727e-05
2006-12-20 03:23:00,-1.1750163235393911,1.6350140095021353e-05
2006-12-20 03:24:00,-1.2374002915711906,1.6178248743380724e-05
2006-12-20 03:25:00,-1.1805143754256116,1.6008164510003127e-05
2006-12-20 03:26:00,-1.23154766497248,1.5839868396396867e-05
2006-12-20 03:27:00,-1.1269472157776208,1.56733416038041e-05
2006-12-20 03:28:00,-1.186045520603325,1.5508565531100995e-05
2006-12-20 03:29:00,-1.1695508841979705,1.5345521772719987e-05
2006-12-20 03:30:00,-1.2432915118505183,1.518419211659387e-05
2006-12-20 03:31:00,-1.1805143754256116,1.5024558542121491e-05
2006-12-20 03:32:00,-1.21995575469463,1.4866603218154853e-05
2006-12-20 03:33:00,-1.0615628790783165,1.4710308501007343e-05
2006-12-20 03:34:00,-1.023416171386933,1.4555656932482942e-05
2006-12-20 03:35:00,-0.8205086512100563,1.440263123792613e-05
2006-12-20 03:36:00,-0.7901844957022609,1.4251214324292308e-05
2006-12-20 03:37:00,-0.7606781918707517,1.4101389278238492e-05
2006-12-20 03:38:00,-0.8014572414861816,1.3953139364234076e-05
2006-12-20 03:39:00,-0.7716506325207008,1.3806448022691469e-05
2006-12-20 03:40:00,-0.8128478832685097,1.366129886811638e-05
2006-12-20 03:41:00,-0.8205086512100563,1.3517675687277566e-05
2006-12-20 03:42:00,-0.9821879981954489,1.337556243739579e-05
2006-12-20 03:43:00,-0.9866859546710584,1.3234943244351834e-05
